País,Banco Central,Nombre,País de Origen,Cargo,Desde,Hasta,Estado
United States,Federal Reserve,Alan Greenspan,Estados Unidos,Presidente (Chair),1987,2006,Histórico
United States,Federal Reserve,Ben S. Bernanke,Estados Unidos,Presidente (Chair),2006,2014,Histórico
United States,Federal Reserve,Janet L. Yellen,Estados Unidos,Presidenta (Chair),2014,2018,Histórico
United States,Federal Reserve,Jerome H. Powell,Estados Unidos,Presidente (Chair),2018,En cargo,Actual
United States,Federal Reserve,Roger W. Ferguson Jr.,Estados Unidos,Vicepresidente,1999,2006,Histórico
United States,Federal Reserve,Donald L. Kohn,Estados Unidos,Vicepresidente,2006,2010,Histórico
United States,Federal Reserve,Janet L. Yellen,Estados Unidos,Vicepresidenta,2010,2014,Histórico
United States,Federal Reserve,Stanley Fischer,Estados Unidos / Israel,Vicepresidente,2014,2017,Histórico
United States,Federal Reserve,Richard H. Clarida,Estados Unidos,Vicepresidente,2018,2022,Histórico
United States,Federal Reserve,Lael Brainard,Estados Unidos,Vicepresidenta,2022,2023,Histórico
United States,Federal Reserve,Philip N. Jefferson,Estados Unidos,Vicepresidente,2023,En cargo,Actual
United States,Federal Reserve,Randal K. Quarles,Estados Unidos,Vicepresidente de Supervisión,2017,2021,Histórico
United States,Federal Reserve,Michael S. Barr,Estados Unidos,Vicepresidente de Supervisión,2022,2025,Histórico
United States,Federal Reserve,Michelle W. Bowman,Estados Unidos,Vicepresidenta de Supervisión,2025,En cargo,Actual
United States,Federal Reserve,Susan Bies,Estados Unidos,Gobernadora,2001,2007,Histórico
United States,Federal Reserve,Mark W. Olson,Estados Unidos,Gobernador,2001,2006,Histórico
United States,Federal Reserve,Ben S. Bernanke,Estados Unidos,Gobernador,2002,2005,Histórico
United States,Federal Reserve,Donald L. Kohn,Estados Unidos,Gobernador,2002,2010,Histórico
United States,Federal Reserve,Frederic Mishkin,Estados Unidos,Gobernador,2006,2008,Histórico
United States,Federal Reserve,Kevin M. Warsh,Estados Unidos,Gobernador,2006,2011,Histórico
United States,Federal Reserve,Elizabeth Duke,Estados Unidos,Gobernadora,2008,2013,Histórico
United States,Federal Reserve,Daniel Tarullo,Estados Unidos,Gobernador,2009,2017,Histórico
United States,Federal Reserve,Sarah Bloom Raskin,Estados Unidos,Gobernadora,2010,2014,Histórico
United States,Federal Reserve,Janet L. Yellen,Estados Unidos,Gobernadora,2010,2014,Histórico
United States,Federal Reserve,Jerome H. Powell,Estados Unidos,Gobernador,2012,2018,Histórico
United States,Federal Reserve,Jeremy C. Stein,Estados Unidos,Gobernador,2012,2014,Histórico
United States,Federal Reserve,Lael Brainard,Estados Unidos,Gobernadora,2014,2022,Histórico
United States,Federal Reserve,Stanley Fischer,Estados Unidos / Israel,Gobernador,2014,2017,Histórico
United States,Federal Reserve,Michelle W. Bowman,Estados Unidos,Gobernadora,2018,En cargo,Actual
United States,Federal Reserve,Richard H. Clarida,Estados Unidos,Gobernador,2018,2022,Histórico
United States,Federal Reserve,Christopher J. Waller,Estados Unidos,Gobernador,2020,En cargo,Actual
United States,Federal Reserve,Michael S. Barr,Estados Unidos,Gobernador,2022,En cargo,Actual
United States,Federal Reserve,Lisa D. Cook,Estados Unidos,Gobernadora,2022,En cargo,Actual
United States,Federal Reserve,Philip N. Jefferson,Estados Unidos,Gobernador,2022,En cargo,Actual
United States,Federal Reserve,Adriana Kugler,Estados Unidos / Colombia,Gobernadora,2023,2025,Histórico
United States,Federal Reserve,Stephen I. Miran,Estados Unidos,Gobernador,2025,En cargo,Actual
Mexico,Bank of Mexico,Guillermo Ortiz Martínez,México,Gobernador,1998,2010,Histórico
Mexico,Bank of Mexico,Agustín Carstens,México,Gobernador,2010,2017,Histórico
Mexico,Bank of Mexico,Alejandro Díaz de León,México,Gobernador,2017,2021,Histórico
Mexico,Bank of Mexico,Victoria Rodríguez Ceja,México,Gobernadora,2022,En cargo,Actual
Mexico,Bank of Mexico,Javier Guzmán Calafell,México,Subgobernador,2010,2019,Histórico
Mexico,Bank of Mexico,Manuel Ramos Francia,México,Subgobernador,2010,2017,Histórico
Mexico,Bank of Mexico,Roberto del Cueto,México,Subgobernador,2008,2018,Histórico
Mexico,Bank of Mexico,Irene Espinosa Cantellano,México,Subgobernadora,2018,2024,Histórico
Mexico,Bank of Mexico,Jonathan Heath,México / EE.UU.,Subgobernador,2019,En cargo,Actual
Mexico,Bank of Mexico,Galia Borja Gómez,México,Subgobernadora,2022,En cargo,Actual
Mexico,Bank of Mexico,Omar Mejía Castelazo,México,Subgobernador,2023,En cargo,Actual
Mexico,Bank of Mexico,José Gabriel Cuadra García,México,Subgobernador,2025,En cargo,Actual
Canada,Bank of Canada,Gordon Thiessen,Canadá,Gobernador,1994,2001,Histórico
Canada,Bank of Canada,David Dodge,Canadá,Gobernador,2001,2008,Histórico
Canada,Bank of Canada,Mark Carney,Canadá,Gobernador,2008,2013,Histórico
Canada,Bank of Canada,Stephen Poloz,Canadá,Gobernador,2013,2020,Histórico
Canada,Bank of Canada,Tiff Macklem,Canadá,Gobernador,2020,En cargo,Actual
Canada,Bank of Canada,Paul Jenkins,Canadá,Subgobernador Senior,2003,2010,Histórico
Canada,Bank of Canada,Tiff Macklem,Canadá,Subgobernador Senior,2010,2013,Histórico
Canada,Bank of Canada,Carolyn Wilkins,Canadá,Subgobernadora Senior,2014,2020,Histórico
Canada,Bank of Canada,Carolyn Rogers,Canadá,Primera Subgobernadora,2022,En cargo,Actual
Canada,Bank of Canada,Sharon Kozicki,Canadá,Subgobernadora,2022,En cargo,Actual
Canada,Bank of Canada,Nicolas Vincent,Canadá / Francia,Subgobernador,2023,En cargo,Actual
Canada,Bank of Canada,Rhys Mendes,Canadá,Subgobernador,2023,En cargo,Actual
Brazil,Central Bank of Brazil,Arminio Fraga Neto,Brasil,Presidente,1999,2003,Histórico
Brazil,Central Bank of Brazil,Henrique Meirelles,Brasil,Presidente,2003,2011,Histórico
Brazil,Central Bank of Brazil,Alexandre Tombini,Brasil,Presidente,2011,2016,Histórico
Brazil,Central Bank of Brazil,Ilan Goldfajn,Brasil / Israel,Presidente,2016,2019,Histórico
Brazil,Central Bank of Brazil,Roberto Campos Neto,Brasil,Presidente,2019,2024,Histórico
Brazil,Central Bank of Brazil,Gabriel Galípolo,Brasil,Presidente,2025,En cargo,Actual
Brazil,Central Bank of Brazil,Luiz Awazu Pereira da Silva,Brasil,Dir. Relaciones Internacionales,2010,2015,Histórico
Brazil,Central Bank of Brazil,Nilton David,Brasil,Director de Política Monetaria,2025,En cargo,Actual
Brazil,Central Bank of Brazil,Ailton de Aquino Santos,Brasil,Director de Fiscalización,2023,En cargo,Actual
Brazil,Central Bank of Brazil,Paulo Picchetti,Brasil / Italia,Dir. Asuntos Internacionales,2025,En cargo,Actual
Brazil,Central Bank of Brazil,Rodrigo Alves Teixeira,Brasil,Director de Administración,2023,En cargo,Actual
Brazil,Central Bank of Brazil,Renato Dias de Brito Gomes,Brasil,Director de Organización,2021,En cargo,Actual
Argentina,Central Bank of Argentina,Roque Maccarone,Argentina,Presidente,2001,2002,Histórico
Argentina,Central Bank of Argentina,Alfonso Prat-Gay,Argentina,Presidente,2002,2004,Histórico
Argentina,Central Bank of Argentina,Martín Redrado,Argentina,Presidente,2004,2010,Histórico
Argentina,Central Bank of Argentina,Mercedes Marcó del Pont,Argentina,Presidenta,2010,2013,Histórico
Argentina,Central Bank of Argentina,Juan Carlos Fábrega,Argentina,Presidente,2013,2014,Histórico
Argentina,Central Bank of Argentina,Alejandro Vanoli,Argentina,Presidente,2014,2015,Histórico
Argentina,Central Bank of Argentina,Federico Sturzenegger,Argentina,Presidente,2015,2018,Histórico
Argentina,Central Bank of Argentina,Luis Caputo,Argentina,Presidente,2018,2018,Histórico
Argentina,Central Bank of Argentina,Guido Sandleris,Argentina,Presidente,2018,2019,Histórico
Argentina,Central Bank of Argentina,Miguel Ángel Pesce,Argentina,Presidente,2019,2023,Histórico
Argentina,Central Bank of Argentina,Santiago Bausili,Argentina,Presidente,2023,En cargo,Actual
Argentina,Central Bank of Argentina,Vladimir Werning,Argentina,Vicepresidente,2023,En cargo,Actual
Argentina,Central Bank of Argentina,Federico Furiase,Argentina,Director,2023,En cargo,Actual
Argentina,Central Bank of Argentina,Nicolás Ferro,Argentina,Director,2024,En cargo,Actual
Argentina,Central Bank of Argentina,Silvina Rivarola,Argentina,Directora,2024,En cargo,Actual
Chile,Central Bank of Chile,Carlos Massad Abud,Chile,Presidente,1996,2003,Histórico
Chile,Central Bank of Chile,Vittorio Corbo Lioi,Chile / Italia,Presidente,2003,2007,Histórico
Chile,Central Bank of Chile,José De Gregorio Rebeco,Chile,Presidente,2007,2011,Histórico
Chile,Central Bank of Chile,Rodrigo Vergara Montes,Chile,Presidente,2011,2016,Histórico
Chile,Central Bank of Chile,Mario Marcel Cullell,Chile,Presidente,2016,2022,Histórico
Chile,Central Bank of Chile,Rosanna Costa Costa,Chile,Presidenta,2022,En cargo,Actual
Chile,Central Bank of Chile,Manuel Marfán Lewis,Chile,Vicepresidente,2007,2011,Histórico
Chile,Central Bank of Chile,Sebastián Claro Edwards,Chile,Vicepresidente,2011,2015,Histórico
Chile,Central Bank of Chile,Pablo García Silva,Chile,Vicepresidente / Consejero,2011,2021,Histórico
Chile,Central Bank of Chile,Alberto Naudon Dell'Oro,Chile,Vicepresidente,2022,En cargo,Actual
Chile,Central Bank of Chile,Jorge Desormeaux Jiménez,Chile,Consejero,2003,2013,Histórico
Chile,Central Bank of Chile,Enrique Marshall Rivera,Chile,Consejero,2007,2017,Histórico
Chile,Central Bank of Chile,Joaquín Vial Ruiz-Tagle,Chile,Consejero,2015,2020,Histórico
Chile,Central Bank of Chile,Sofía Bauducco Romero,Chile,Consejera,2020,2025,Histórico
Chile,Central Bank of Chile,Luis Felipe Céspedes,Chile,Consejero,2022,En cargo,Actual
Chile,Central Bank of Chile,Claudio Soto Gamboa,Chile,Consejero,2023,En cargo,Actual
Chile,Central Bank of Chile,Kevin Cowan Lo,Chile,Consejero,2025,En cargo,Actual
Colombia,Bank of the Republic,Miguel Urrutia Montoya,Colombia,Gerente General,1993,2005,Histórico
Colombia,Bank of the Republic,José Darío Uribe Escobar,Colombia,Gerente General,2005,2017,Histórico
Colombia,Bank of the Republic,Juan José Echavarría Soto,Colombia,Gerente General,2017,2021,Histórico
Colombia,Bank of the Republic,Leonardo Villar Gómez,Colombia,Gerente General,2021,En cargo,Actual
Colombia,Bank of the Republic,Roberto Steiner Sampedro,Colombia,Codirector,2017,2025,Histórico
Colombia,Bank of the Republic,Jaime Jaramillo Vallejo,Colombia,Codirector,2017,2025,Histórico
Colombia,Bank of the Republic,Juan Pablo Zárate Perdomo,Colombia,Codirector,2010,2019,Histórico
Colombia,Bank of the Republic,César Vallejo Mejía,Colombia,Codirector,2010,2018,Histórico
Colombia,Bank of the Republic,Ana Fernanda Maiguashca,Colombia,Codirectora,2014,2021,Histórico
Colombia,Bank of the Republic,Olga Lucía Acosta,Colombia,Codirectora,2021,En cargo,Actual
Colombia,Bank of the Republic,Bibiana Taboada,Colombia,Codirectora,2021,En cargo,Actual
Colombia,Bank of the Republic,Mauricio Villamizar,Colombia,Codirector,2017,En cargo,Actual
Colombia,Bank of the Republic,Laura Carla Moisá,Colombia,Codirectora,2025,En cargo,Actual
Colombia,Bank of the Republic,César Augusto Giraldo,Colombia,Codirector,2025,En cargo,Actual
Peru,Central Reserve Bank of Peru,Germán Suárez Chávez,Perú,Presidente,2001,2006,Histórico
Peru,Central Reserve Bank of Peru,Julio Velarde Flores,Perú,Presidente,2006,En cargo,Actual
Peru,Central Reserve Bank of Peru,Adrián Armas Rivas,Perú,Gerente Estudios Económicos,2001,En cargo,Actual
Peru,Central Reserve Bank of Peru,Paul Castillo Bardalez,Perú,Director,2021,En cargo,Actual
Peru,Central Reserve Bank of Peru,Mario Guerrero Corzo,Perú,Director,2022,En cargo,Actual
Zona Euro,European Central Bank,Wim Duisenberg,Países Bajos,Presidente BCE,1998,2003,Histórico
Zona Euro,European Central Bank,Jean-Claude Trichet,Francia,Presidente BCE,2003,2011,Histórico
Zona Euro,European Central Bank,Mario Draghi,Italia,Presidente BCE,2011,2019,Histórico
Zona Euro,European Central Bank,Christine Lagarde,Francia,Presidenta BCE,2019,En cargo,Actual
Zona Euro,European Central Bank,Christian Noyer,Francia,Vicepresidente,1998,2002,Histórico
Zona Euro,European Central Bank,Lucas Papademos,Grecia,Vicepresidente,2002,2010,Histórico
Zona Euro,European Central Bank,Vítor Constâncio,Portugal,Vicepresidente,2010,2018,Histórico
Zona Euro,European Central Bank,Luis de Guindos,España,Vicepresidente,2018,En cargo,Actual
Zona Euro,European Central Bank,Sirkka Hämäläinen,Finlandia,Miembro Directorio,1998,2003,Histórico
Zona Euro,European Central Bank,Eugenio Domingo Solans,España,Miembro Directorio,1998,2004,Histórico
Zona Euro,European Central Bank,Tommaso Padoa-Schioppa,Italia,Miembro Directorio,1998,2005,Histórico
Zona Euro,European Central Bank,Otmar Issing,Alemania,Miembro Directorio (Economía),1998,2006,Histórico
Zona Euro,European Central Bank,Gertrude Tumpel-Gugerell,Austria,Miembro Directorio,2003,2011,Histórico
Zona Euro,European Central Bank,José Manuel González-Páramo,España,Miembro Directorio,2004,2012,Histórico
Zona Euro,European Central Bank,Lorenzo Bini Smaghi,Italia,Miembro Directorio,2005,2011,Histórico
Zona Euro,European Central Bank,Jürgen Stark,Alemania,Miembro Directorio (Economía),2006,2011,Histórico
Zona Euro,European Central Bank,Jörg Asmussen,Alemania,Miembro Directorio,2012,2014,Histórico
Zona Euro,European Central Bank,Peter Praet,Bélgica,Miembro Directorio (Economía),2011,2019,Histórico
Zona Euro,European Central Bank,Benoît Cœuré,Francia,Miembro Directorio,2012,2019,Histórico
Zona Euro,European Central Bank,Sabine Lautenschläger,Alemania,Miembro Directorio,2014,2019,Histórico
Zona Euro,European Central Bank,Yves Mersch,Luxemburgo,Miembro Directorio,2012,2020,Histórico
Zona Euro,European Central Bank,Fabio Panetta,Italia,Miembro Directorio,2020,2023,Histórico
Zona Euro,European Central Bank,Philip R. Lane,Irlanda,Miembro Directorio (Economía),2019,En cargo,Actual
Zona Euro,European Central Bank,Frank Elderson,Países Bajos,Miembro Directorio,2020,En cargo,Actual
Zona Euro,European Central Bank,Isabel Schnabel,Alemania,Miembro Directorio,2020,En cargo,Actual
Zona Euro,European Central Bank,Piero Cipollone,Italia,Miembro Directorio,2023,En cargo,Actual
United Kingdom,Bank of England,Sir Edward George,Reino Unido,Gobernador,1993,2003,Histórico
United Kingdom,Bank of England,Mervyn King,Reino Unido,Gobernador,2003,2013,Histórico
United Kingdom,Bank of England,Mark Carney,Canadá,Gobernador,2013,2020,Histórico
United Kingdom,Bank of England,Andrew Bailey,Reino Unido,Gobernador,2020,En cargo,Actual
United Kingdom,Bank of England,Rachel Lomax,Reino Unido,Subgobernadora,2003,2008,Histórico
United Kingdom,Bank of England,John Gieve,Reino Unido,Subgobernador,2006,2009,Histórico
United Kingdom,Bank of England,Charles Bean,Reino Unido,Subgobernador,2008,2014,Histórico
United Kingdom,Bank of England,Paul Tucker,Reino Unido,Subgobernador,2009,2013,Histórico
United Kingdom,Bank of England,Andrew Bailey,Reino Unido,Subgobernador (Reg. Prudencial),2013,2016,Histórico
United Kingdom,Bank of England,Minouche Shafik,Egipto / Reino Unido,Subgobernadora,2014,2017,Histórico
United Kingdom,Bank of England,Ben Broadbent,Reino Unido,Subgobernador,2014,2024,Histórico
United Kingdom,Bank of England,Jon Cunliffe,Reino Unido,Subgobernador,2013,2023,Histórico
United Kingdom,Bank of England,Sam Woods,Reino Unido,Subgobernador (Reg. Prudencial),2016,En cargo,Actual
United Kingdom,Bank of England,Dave Ramsden,Reino Unido,Subgobernador (Mercados),2017,En cargo,Actual
United Kingdom,Bank of England,Sarah Breeden,Reino Unido,Subgobernadora (Est. Financiera),2023,En cargo,Actual
United Kingdom,Bank of England,Clare Lombardelli,Reino Unido,Subgobernadora (Pol. Monetaria),2024,En cargo,Actual
United Kingdom,Bank of England,Huw Pill,Reino Unido,Economista Jefe,2021,En cargo,Actual
United Kingdom,Bank of England,Andy Haldane,Reino Unido,Economista Jefe,2014,2021,Histórico
United Kingdom,Bank of England,Spencer Dale,Reino Unido,Economista Jefe,2008,2014,Histórico
United Kingdom,Bank of England,Catherine L. Mann,EE.UU. / Reino Unido,Miembro externo MPC,2021,En cargo,Actual
United Kingdom,Bank of England,Swati Dhingra,India / Reino Unido,Miembro externo MPC,2022,En cargo,Actual
United Kingdom,Bank of England,Megan Greene,EE.UU. / Reino Unido,Miembro externo MPC,2023,En cargo,Actual
United Kingdom,Bank of England,Alan Taylor,EE.UU. / Reino Unido,Miembro externo MPC,2024,En cargo,Actual
Germany,European Central Bank / Deutsche Bundesbank,Ernst Welteke,Alemania,Presidente Bundesbank,1999,2004,Histórico
Germany,European Central Bank / Deutsche Bundesbank,Axel A. Weber,Alemania,Presidente Bundesbank,2004,2011,Histórico
Germany,European Central Bank / Deutsche Bundesbank,Jens Weidmann,Alemania,Presidente Bundesbank,2011,2021,Histórico
Germany,European Central Bank / Deutsche Bundesbank,Joachim Nagel,Alemania,Presidente Bundesbank,2022,En cargo,Actual
Germany,European Central Bank / Deutsche Bundesbank,Sabine Mauderer,Alemania,Vicepresidenta,2022,En cargo,Actual
Germany,European Central Bank / Deutsche Bundesbank,Burkhard Balz,Alemania,Miembro Directorio,2018,En cargo,Actual
Germany,European Central Bank / Deutsche Bundesbank,Luisa Lambertini,Suiza / Alemania,Miembro Directorio,2024,En cargo,Actual
France,European Central Bank / Bank of France,Jean-Claude Trichet,Francia,Gobernador,1993,2003,Histórico
France,European Central Bank / Bank of France,Christian Noyer,Francia,Gobernador,2003,2015,Histórico
France,European Central Bank / Bank of France,François Villeroy de Galhau,Francia,Gobernador,2015,2025,Histórico
France,European Central Bank / Bank of France,Agnès Bénassy-Quéré,Francia,Gobernadora,2025,En cargo,Actual
France,European Central Bank / Bank of France,Sylvie Goulard,Francia,Subgobernadora,2017,2019,Histórico
France,European Central Bank / Bank of France,Denis Beau,Francia,Primer Subgobernador,2018,En cargo,Actual
Italy,European Central Bank / Bank of Italy,Antonio Fazio,Italia,Gobernador,1993,2005,Histórico
Italy,European Central Bank / Bank of Italy,Mario Draghi,Italia,Gobernador,2005,2011,Histórico
Italy,European Central Bank / Bank of Italy,Ignazio Visco,Italia,Gobernador,2011,2023,Histórico
Italy,European Central Bank / Bank of Italy,Fabio Panetta,Italia,Gobernador,2023,En cargo,Actual
Spain,European Central Bank / Bank of Spain,Jaime Caruana,España,Gobernador,2000,2006,Histórico
Spain,European Central Bank / Bank of Spain,Miguel Ángel Fernández Ordóñez,España,Gobernador,2006,2012,Histórico
Spain,European Central Bank / Bank of Spain,Luis María Linde,España,Gobernador,2012,2018,Histórico
Spain,European Central Bank / Bank of Spain,Pablo Hernández de Cos,España,Gobernador,2018,2023,Histórico
Spain,European Central Bank / Bank of Spain,José Luis Escrivá,España,Gobernador,2023,En cargo,Actual
Switzerland,Swiss National Bank,Jean-Pierre Roth,Suiza,Presidente,2001,2009,Histórico
Switzerland,Swiss National Bank,Philipp Hildebrand,Suiza,Presidente,2010,2012,Histórico
Switzerland,Swiss National Bank,Thomas Jordan,Suiza,Presidente,2012,2024,Histórico
Switzerland,Swiss National Bank,Martin Schlegel,Suiza,Presidente,2024,En cargo,Actual
Switzerland,Swiss National Bank,Fritz Zurbrügg,Suiza,Vicepresidente,2012,2018,Histórico
Switzerland,Swiss National Bank,Andrea Maechler,Suiza,Miembro Directorio,2015,2023,Histórico
Switzerland,Swiss National Bank,Antoine Martin,Suiza / Francia,Vicepresidente,2024,En cargo,Actual
Switzerland,Swiss National Bank,Petra Tschudin,Suiza,Miembro Directorio,2024,En cargo,Actual
Sweden,Sveriges Riksbank,Urban Bäckström,Suecia,Gobernador,1994,2002,Histórico
Sweden,Sveriges Riksbank,Lars Heikensten,Suecia,Gobernador,2003,2006,Histórico
Sweden,Sveriges Riksbank,Stefan Ingves,Suecia,Gobernador,2006,2022,Histórico
Sweden,Sveriges Riksbank,Erik Thedéen,Suecia,Gobernador,2023,En cargo,Actual
Sweden,Sveriges Riksbank,Anna Breman,Suecia,Primera Subgobernadora,2022,En cargo,Actual
Sweden,Sveriges Riksbank,Per Jansson,Suecia,Subgobernador,2018,En cargo,Actual
Sweden,Sveriges Riksbank,Aino Bunge,Suecia,Subgobernadora,2022,En cargo,Actual
Norway,Norges Bank,Svein Gjedrem,Noruega,Gobernador,1999,2010,Histórico
Norway,Norges Bank,Øystein Olsen,Noruega,Gobernador,2011,2022,Histórico
Norway,Norges Bank,Ida Wolden Bache,Noruega,Gobernadora,2022,En cargo,Actual
Norway,Norges Bank,Pål Longva,Noruega,Subgobernador,2022,En cargo,Actual
Norway,Norges Bank,Øystein Børsum,Noruega,Subgobernador,2021,En cargo,Actual
Denmark,Danmarks Nationalbank,Bodil Nyboe Andersen,Dinamarca,Gobernadora,1995,2005,Histórico
Denmark,Danmarks Nationalbank,Nils Bernstein,Dinamarca,Gobernador,2005,2013,Histórico
Denmark,Danmarks Nationalbank,Lars Rohde,Dinamarca,Gobernador,2013,2022,Histórico
Denmark,Danmarks Nationalbank,Signe Krogstrup,Dinamarca,Gobernadora,2022,En cargo,Actual
Russia,Central Bank of Russia,Viktor Gerashchenko,Rusia,Gobernadora,1998,2002,Histórico
Russia,Central Bank of Russia,Sergei Ignatiev,Rusia,Gobernador,2002,2013,Histórico
Russia,Central Bank of Russia,Elvira Nabiullina,Rusia,Gobernadora,2013,En cargo,Actual
Russia,Central Bank of Russia,Aleksei Zabotkin,Rusia,Subgobernador,2019,En cargo,Actual
Russia,Central Bank of Russia,Dmitry Tulin,Rusia,Primer Subgobernador,2014,En cargo,Actual
Russia,Central Bank of Russia,Ksenia Yudaeva,Rusia,Primera Subgobernadora,2013,En cargo,Actual
Turkey,Central Bank of the Republic of Turkey,Süreyya Serdengeçti,Turquía,Gobernador,2001,2006,Histórico
Turkey,Central Bank of the Republic of Turkey,Durmuş Yılmaz,Turquía,Gobernador,2006,2011,Histórico
Turkey,Central Bank of the Republic of Turkey,Erdem Başçı,Turquía,Gobernador,2011,2016,Histórico
Turkey,Central Bank of the Republic of Turkey,Murat Çetinkaya,Turquía,Gobernador,2016,2019,Histórico
Turkey,Central Bank of the Republic of Turkey,Murat Uysal,Turquía,Gobernador,2019,2020,Histórico
Turkey,Central Bank of the Republic of Turkey,Naci Ağbal,Turquía,Gobernador,2020,2021,Histórico
Turkey,Central Bank of the Republic of Turkey,Şahap Kavcıoğlu,Turquía,Gobernador,2021,2023,Histórico
Turkey,Central Bank of the Republic of Turkey,Hafize Gaye Erkan,Turquía,Gobernadora,2023,2024,Histórico
Turkey,Central Bank of the Republic of Turkey,Fatih Karahan,Turquía,Gobernador,2024,En cargo,Actual
Turkey,Central Bank of the Republic of Turkey,Osman Çelik,Turquía,Subgobernador,2023,En cargo,Actual
Turkey,Central Bank of the Republic of Turkey,Hatice Karahan,Turquía,Subgobernadora,2023,En cargo,Actual
Poland,National Bank of Poland,Leszek Balcerowicz,Polonia,Presidente,2001,2007,Histórico
Poland,National Bank of Poland,Sławomir Skrzypek,Polonia,Presidente,2007,2010,Histórico
Poland,National Bank of Poland,Marek Belka,Polonia,Presidente,2010,2016,Histórico
Poland,National Bank of Poland,Adam Glapiński,Polonia,Presidente,2016,En cargo,Actual
Japan,Bank of Japan,Masaru Hayami,Japón,Gobernador,1998,2003,Histórico
Japan,Bank of Japan,Toshihiko Fukui,Japón,Gobernador,2003,2008,Histórico
Japan,Bank of Japan,Masaaki Shirakawa,Japón,Gobernador,2008,2013,Histórico
Japan,Bank of Japan,Haruhiko Kuroda,Japón,Gobernador,2013,2023,Histórico
Japan,Bank of Japan,Kazuo Ueda,Japón,Gobernador,2023,En cargo,Actual
Japan,Bank of Japan,Toshiro Muto,Japón,Subgobernador,2003,2008,Histórico
Japan,Bank of Japan,Hiroshi Nakaso,Japón,Subgobernador,2013,2018,Histórico
Japan,Bank of Japan,Kikuo Iwata,Japón,Subgobernador,2013,2018,Histórico
Japan,Bank of Japan,Masayoshi Amamiya,Japón,Subgobernador,2018,2023,Histórico
Japan,Bank of Japan,Wakatabe Masazumi,Japón,Subgobernador,2018,2023,Histórico
Japan,Bank of Japan,Shinichi Uchida,Japón,Subgobernador,2023,En cargo,Actual
Japan,Bank of Japan,Ryozo Himino,Japón,Subgobernador,2023,En cargo,Actual
Japan,Bank of Japan,Asahi Noguchi,Japón,Miembro Directorio,2020,En cargo,Actual
Japan,Bank of Japan,Junko Nakagawa,Japón,Miembro Directorio,2022,En cargo,Actual
Japan,Bank of Japan,Hajime Takata,Japón,Miembro Directorio,2023,En cargo,Actual
Japan,Bank of Japan,Naoki Tamura,Japón,Miembro Directorio,2023,En cargo,Actual
Japan,Bank of Japan,Junko Koeda,Japón,Miembro Directorio,2024,En cargo,Actual
Japan,Bank of Japan,Kazuyuki Masu,Japón,Miembro Directorio,2025,En cargo,Actual
Japan,Bank of Japan,Sayuri Shirai,Japón,Miembro Directorio,2011,2016,Histórico
Japan,Bank of Japan,Koji Ishida,Japón,Miembro Directorio,2010,2015,Histórico
Japan,Bank of Japan,Takehiro Sato,Japón,Miembro Directorio,2012,2017,Histórico
Japan,Bank of Japan,Yutaka Harada,Japón,Miembro Directorio,2015,2020,Histórico
Japan,Bank of Japan,Hitoshi Suzuki,Japón,Miembro Directorio,2017,2022,Histórico
Japan,Bank of Japan,Makoto Sakurai,Japón,Miembro Directorio,2012,2017,Histórico
China,People's Bank of China,Dai Xiaodan,China,Gobernador,1995,2002,Histórico
China,People's Bank of China,Zhou Xiaochuan,China,Gobernador,2002,2018,Histórico
China,People's Bank of China,Yi Gang,China,Gobernador,2018,2023,Histórico
China,People's Bank of China,Pan Gongsheng,China,Gobernador y Sec. PCCh,2023,En cargo,Actual
China,People's Bank of China,Wu Xiaoling,China,Subgobernadora,2000,2007,Histórico
China,People's Bank of China,Su Ning,China,Subgobernador,2004,2014,Histórico
China,People's Bank of China,Yi Gang,China,Subgobernador,2008,2018,Histórico
China,People's Bank of China,Liu Shiyu,China,Subgobernador,2009,2016,Histórico
China,People's Bank of China,Fan Yifei,China,Subgobernador,2016,2023,Histórico
China,People's Bank of China,Zhu Hexin,China,Subgobernador,2023,En cargo,Actual
China,People's Bank of China,Zhang Qingsong,China,Subgobernador,2023,En cargo,Actual
China,People's Bank of China,Xuan Changneng,China,Subgobernador,2022,En cargo,Actual
China,People's Bank of China,Lu Lei,China,Subgobernador,2023,En cargo,Actual
China,People's Bank of China,Tao Ling,China,Subgobernadora,2024,En cargo,Actual
India,Reserve Bank of India,Bimal Jalan,India,Gobernador,1997,2003,Histórico
India,Reserve Bank of India,Y. V. Reddy,India,Gobernador,2003,2008,Histórico
India,Reserve Bank of India,D. Subbarao,India,Gobernador,2008,2013,Histórico
India,Reserve Bank of India,Raghuram Rajan,India,Gobernador,2013,2016,Histórico
India,Reserve Bank of India,Urjit Patel,India,Gobernador,2016,2018,Histórico
India,Reserve Bank of India,Shaktikanta Das,India,Gobernador,2018,2024,Histórico
India,Reserve Bank of India,Sanjay Malhotra,India,Gobernador,2024,En cargo,Actual
India,Reserve Bank of India,Anand Sinha,India,Subgobernador,2011,2014,Histórico
India,Reserve Bank of India,K. C. Chakrabarty,India,Subgobernador,2009,2014,Histórico
India,Reserve Bank of India,Urjit Patel,India,Subgobernador,2013,2016,Histórico
India,Reserve Bank of India,S. S. Mundra,India,Subgobernador,2014,2017,Histórico
India,Reserve Bank of India,Viral Acharya,India,Subgobernador,2017,2019,Histórico
India,Reserve Bank of India,N. S. Vishwanathan,India,Subgobernador,2016,2020,Histórico
India,Reserve Bank of India,B. P. Kanungo,India,Subgobernador,2017,2021,Histórico
India,Reserve Bank of India,Michael Patra,India,Subgobernador,2020,En cargo,Actual
India,Reserve Bank of India,M. Rajeshwar Rao,India,Subgobernador,2020,En cargo,Actual
India,Reserve Bank of India,T. Rabi Sankar,India,Subgobernador,2021,En cargo,Actual
India,Reserve Bank of India,Swaminathan J.,India,Subgobernador,2023,En cargo,Actual
Korea Republic of,Bank of Korea,Lee Seong-tae,Corea del Sur,Gobernador,2006,2010,Histórico
Korea Republic of,Bank of Korea,Kim Choong-soo,Corea del Sur,Gobernador,2010,2014,Histórico
Korea Republic of,Bank of Korea,Lee Ju-yeol,Corea del Sur,Gobernador,2014,2022,Histórico
Korea Republic of,Bank of Korea,Rhee Chang-yong,Corea del Sur,Gobernador,2022,En cargo,Actual
Korea Republic of,Bank of Korea,Ryoo Sang-dai,Corea del Sur,Subgobernador Senior,2022,En cargo,Actual
Korea Republic of,Bank of Korea,Park Jong-seok,Corea del Sur,Miembro Directorio,2022,En cargo,Actual
Indonesia,Bank Indonesia,Burhanuddin Abdullah,Indonesia,Gobernador,2003,2008,Histórico
Indonesia,Bank Indonesia,Boediono,Indonesia,Gobernador,2008,2009,Histórico
Indonesia,Bank Indonesia,Darmin Nasution,Indonesia,Gobernador,2010,2013,Histórico
Indonesia,Bank Indonesia,Agus Martowardojo,Indonesia,Gobernador,2013,2018,Histórico
Indonesia,Bank Indonesia,Perry Warjiyo,Indonesia,Gobernador,2018,En cargo,Actual
Indonesia,Bank Indonesia,Destry Damayanti,Indonesia,Subgobernadora Senior,2019,En cargo,Actual
Saudi Arabia,Saudi Central Bank,Muhammad Al-Jasser,Arabia Saudita,Gobernador,2009,2011,Histórico
Saudi Arabia,Saudi Central Bank,Fahad Al-Mubarak,Arabia Saudita,Gobernador,2011,2016,Histórico
Saudi Arabia,Saudi Central Bank,Ahmed Al-Kholifey,Arabia Saudita,Gobernador,2016,2020,Histórico
Saudi Arabia,Saudi Central Bank,Fahad Al-Mubarak,Arabia Saudita,Gobernador,2020,2021,Histórico
Saudi Arabia,Saudi Central Bank,Ayman Al-Sayari,Arabia Saudita,Gobernador,2022,En cargo,Actual
Saudi Arabia,Saudi Central Bank,Mohammed Al-Qahtani,Arabia Saudita,Subgobernador,2023,En cargo,Actual
Singapore,Monetary Authority of Singapore,Ravi Menon,Singapur,Director Ejecutivo,2011,2024,Histórico
Singapore,Monetary Authority of Singapore,Chia Der Jiun,Singapur,Director Ejecutivo,2024,En cargo,Actual
Singapore,Monetary Authority of Singapore,Gan Kim Yong,Singapur,Presidente MAS,2023,En cargo,Actual
Singapore,Monetary Authority of Singapore,Lawrence Wong,Singapur,Presidente MAS,2019,2023,Histórico
Singapore,Monetary Authority of Singapore,Tharman Shanmugaratnam,Singapur,Presidente MAS,2005,2011,Histórico
Australia,Reserve Bank of Australia,Ian Macfarlane,Australia,Gobernador,1996,2006,Histórico
Australia,Reserve Bank of Australia,Glenn Stevens,Australia,Gobernador,2006,2016,Histórico
Australia,Reserve Bank of Australia,Philip Lowe,Australia,Gobernador,2016,2023,Histórico
Australia,Reserve Bank of Australia,Michele Bullock,Australia,Gobernadora,2023,En cargo,Actual
Australia,Reserve Bank of Australia,Andrew Hauser,Reino Unido / Australia,Subgobernador,2024,En cargo,Actual
Australia,Reserve Bank of Australia,Sarah Hunter,Australia,Economista Jefe,2023,En cargo,Actual
New Zealand,Reserve Bank of New Zealand,Donald Brash,Nueva Zelanda,Gobernador,1988,2002,Histórico
New Zealand,Reserve Bank of New Zealand,Alan Bollard,Nueva Zelanda,Gobernador,2002,2012,Histórico
New Zealand,Reserve Bank of New Zealand,Graeme Wheeler,Nueva Zelanda,Gobernador,2012,2017,Histórico
New Zealand,Reserve Bank of New Zealand,Adrian Orr,Nueva Zelanda,Gobernador,2018,En cargo,Actual
New Zealand,Reserve Bank of New Zealand,Christian Hawkesby,Nueva Zelanda,Subgobernador,2019,En cargo,Actual
South Africa,South African Reserve Bank,Tito Mboweni,Sudáfrica,Gobernador,1999,2009,Histórico
South Africa,South African Reserve Bank,Gill Marcus,Sudáfrica,Gobernadora,2009,2014,Histórico
South Africa,South African Reserve Bank,Lesetja Kganyago,Sudáfrica,Gobernador,2014,En cargo,Actual
South Africa,South African Reserve Bank,Rashad Cassim,Sudáfrica,Subgobernador,2019,En cargo,Actual
South Africa,South African Reserve Bank,Fundi Tshazibana,Sudáfrica,Subgobernadora,2019,En cargo,Actual
South Africa,South African Reserve Bank,Kuben Naidoo,Sudáfrica,Subgobernador,2014,2023,Histórico
Nigeria,Central Bank of Nigeria,Joseph Sanusi,Nigeria,Gobernador,1999,2004,Histórico
Nigeria,Central Bank of Nigeria,Charles Soludo,Nigeria,Gobernador,2004,2009,Histórico
Nigeria,Central Bank of Nigeria,Sanusi Lamido Sanusi,Nigeria,Gobernador,2009,2014,Histórico
Nigeria,Central Bank of Nigeria,Godwin Emefiele,Nigeria,Gobernador,2014,2023,Histórico
Nigeria,Central Bank of Nigeria,Olayemi Cardoso,Nigeria,Gobernador,2023,En cargo,Actual
Nigeria,Central Bank of Nigeria,Philip Ikeazor,Nigeria,Subgobernador,2023,En cargo,Actual
Nigeria,Central Bank of Nigeria,Emem Usoro,Nigeria,Subgobernadora,2023,En cargo,Actual
Egypt,Central Bank of Egypt,Mahmoud Abul-Eyoun,Egipto,Gobernador,2003,2008,Histórico
Egypt,Central Bank of Egypt,Farouk El-Okdah,Egipto,Gobernador,2008,2013,Histórico
Egypt,Central Bank of Egypt,Hisham Ramez,Egipto,Gobernador,2013,2015,Histórico
Egypt,Central Bank of Egypt,Tarek Amer,Egipto,Gobernador,2015,2022,Histórico
Egypt,Central Bank of Egypt,Hassan Abdalla,Egipto,Gobernador,2022,En cargo,Actual
Egypt,Central Bank of Egypt,Rami Aboul-Naga,Egipto,Subgobernador,2023,En cargo,Actual
Morocco,Bank Al-Maghrib,Wali Mohamed Seqqat,Marruecos,Gobernador,1994,2003,Histórico
Morocco,Bank Al-Maghrib,Abdellatif Jouahri,Marruecos,Gobernador,2003,En cargo,Actual
Morocco,Bank Al-Maghrib,Hiba Zahoui,Marruecos,Subgobernadora,2022,En cargo,Actual
Kenya,Central Bank of Kenya,Njuguna Ndungu,Kenia,Gobernador,2007,2015,Histórico
Kenya,Central Bank of Kenya,Patrick Njoroge,Kenia,Gobernador,2015,2023,Histórico
Kenya,Central Bank of Kenya,Kamau Thugge,Kenia,Gobernador,2023,En cargo,Actual
Kenya,Central Bank of Kenya,Susan Koech,Kenia,Subgobernadora,2023,En cargo,Actual
Albania,Bank of Albania,Shkëlqim Cani,Albania,Gobernador,1997,2004,Histórico
Albania,Bank of Albania,Ardian Fullani,Albania,Gobernador,2004,2014,Histórico
Albania,Bank of Albania,Gent Sejko,Albania,Gobernador,2015,En cargo,Actual
Algeria,Bank of Algeria,Mohamed Laksaci,Algeria,Gobernador,2001,2016,Histórico
Algeria,Bank of Algeria,Mohamed Loukal,Algeria,Gobernador,2016,2020,Histórico
Algeria,Bank of Algeria,Rosthom Fadli,Algeria,Gobernador,2020,2022,Histórico
Algeria,Bank of Algeria,Salah Eddine Taleb,Algeria,Gobernador,2022,En cargo,Actual
Angola,National Bank of Angola,Amadeu Maurício,Angola,Gobernador,2003,2010,Histórico
Angola,National Bank of Angola,Valter Filipe da Silva,Angola,Gobernador,2010,2017,Histórico
Angola,National Bank of Angola,José de Lima Massano,Angola,Gobernador,2017,2022,Histórico
Angola,National Bank of Angola,Manuel António Tiago Dias,Angola,Gobernador,2022,En cargo,Actual
Armenia,Central Bank of Armenia,Tigran Sargsyan,Armenia,Presidente,2000,2008,Histórico
Armenia,Central Bank of Armenia,Arthur Javadyan,Armenia,Presidente,2009,2020,Histórico
Armenia,Central Bank of Armenia,Martin Galstyan,Armenia,Presidente,2020,En cargo,Actual
Azerbaijan,Central Bank of Azerbaijan,Elman Rustamov,Azerbaiyán,Presidente,1995,2020,Histórico
Azerbaijan,Central Bank of Azerbaijan,Taleh Kazimov,Azerbaiyán,Presidente,2020,En cargo,Actual
Bahamas,Central Bank of The Bahamas,Julian Francis,Bahamas,Gobernador,2000,2005,Histórico
Bahamas,Central Bank of The Bahamas,Wendy Craigg,Bahamas,Gobernadora,2005,2016,Histórico
Bahamas,Central Bank of The Bahamas,John A. Rolle,Bahamas,Gobernador,2016,En cargo,Actual
Bangladesh,Bangladesh Bank,Fakhruddin Ahmed,Bangladesh,Gobernador,2001,2005,Histórico
Bangladesh,Bangladesh Bank,Salehuddin Ahmed,Bangladesh,Gobernador,2005,2009,Histórico
Bangladesh,Bangladesh Bank,Atiur Rahman,Bangladesh,Gobernador,2009,2016,Histórico
Bangladesh,Bangladesh Bank,Fazle Kabir,Bangladesh,Gobernador,2016,2022,Histórico
Bangladesh,Bangladesh Bank,Abdur Rouf Talukder,Bangladesh,Gobernador,2022,2024,Histórico
Bangladesh,Bangladesh Bank,Ahsan H. Mansur,Bangladesh,Gobernador,2024,En cargo,Actual
Belarus,National Bank of the Republic of Belarus,Pyotr Prokopovich,Bielorrusia,Presidente,1998,2011,Histórico
Belarus,National Bank of the Republic of Belarus,Nadezhda Ermakova,Bielorrusia,Presidenta,2011,2014,Histórico
Belarus,National Bank of the Republic of Belarus,Pavel Kallaur,Bielorrusia,Presidente,2014,En cargo,Actual
Bolivia,Central Bank of Bolivia,Juan Antonio Morales,Bolivia,Presidente,1986,2006,Histórico
Bolivia,Central Bank of Bolivia,Gabriel Loza Tellería,Bolivia,Presidente,2006,2010,Histórico
Bolivia,Central Bank of Bolivia,Marcel Ramírez Morales,Bolivia,Presidente,2010,2016,Histórico
Bolivia,Central Bank of Bolivia,Pablo Ramos Sánchez,Bolivia,Presidente,2016,2019,Histórico
Bolivia,Central Bank of Bolivia,Edwin Rojas Ulo,Bolivia,Presidente,2021,En cargo,Actual
Bosnia and Herzegovina,Central Bank of Bosnia and Herzegovina,Peter Nicholl,Nueva Zelanda,Gobernador,1997,2004,Histórico
Bosnia and Herzegovina,Central Bank of Bosnia and Herzegovina,Kemal Kozarić,Bosnia Herzegovina,Gobernador,2004,2018,Histórico
Bosnia and Herzegovina,Central Bank of Bosnia and Herzegovina,Senad Softić,Bosnia Herzegovina,Gobernador,2018,En cargo,Actual
Bulgaria,Bulgarian National Bank,Ivan Iskrov,Bulgaria,Gobernador,2003,2015,Histórico
Bulgaria,Bulgarian National Bank,Dimitar Radev,Bulgaria,Gobernador,2015,En cargo,Actual
Cambodia,National Bank of Cambodia,Chea Chanto,Camboya,Gobernador,1998,En cargo,Actual
Czech Republic,Czech National Bank,Zdeněk Tůma,República Checa,Gobernador,2000,2010,Histórico
Czech Republic,Czech National Bank,Miroslav Singer,República Checa,Gobernador,2010,2016,Histórico
Czech Republic,Czech National Bank,Jiří Rusnok,República Checa,Gobernador,2016,2022,Histórico
Czech Republic,Czech National Bank,Aleš Michl,República Checa,Gobernador,2022,En cargo,Actual
Dominican Republic,Central Bank of the Dominican Republic,Héctor Valdez Albizu,R. Dominicana,Gobernador,2000,En cargo,Actual
Ecuador,Central Bank of Ecuador,Verónica Artola Jarrín,Ecuador,Gerenta General,2018,2021,Histórico
Ecuador,Central Bank of Ecuador,Guillermo Avellán Solines,Ecuador,Gerente General,2021,En cargo,Actual
El Salvador,Central Reserve Bank of El Salvador,Carlos Acevedo,El Salvador,Presidente,2013,2019,Histórico
El Salvador,Central Reserve Bank of El Salvador,Douglas Rodríguez,El Salvador,Presidente,2019,En cargo,Actual
Ghana,Bank of Ghana,Paul Acquah,Ghana,Gobernador,2001,2009,Histórico
Ghana,Bank of Ghana,Kwesi Amissah-Arthur,Ghana,Gobernador,2009,2012,Histórico
Ghana,Bank of Ghana,Henry Kofi Wampah,Ghana,Gobernador,2012,2016,Histórico
Ghana,Bank of Ghana,Ernest Addison,Ghana,Gobernador,2017,2025,Histórico
Ghana,Bank of Ghana,Johnson Pandit Asiama,Ghana,Gobernador,2025,En cargo,Actual
Hungary,Hungarian National Bank,Zsigmond Járai,Hungría,Gobernador,2001,2007,Histórico
Hungary,Hungarian National Bank,András Simor,Hungría,Gobernador,2007,2013,Histórico
Hungary,Hungarian National Bank,György Matolcsy,Hungría,Gobernador,2013,2023,Histórico
Hungary,Hungarian National Bank,Mihály Varga,Hungría,Gobernador,2023,En cargo,Actual
Iceland,Central Bank of Iceland,Birgir Ísleifur Gunnarsson,Islandia,Gobernador,1994,2009,Histórico
Iceland,Central Bank of Iceland,Már Guðmundsson,Islandia,Gobernador,2009,2019,Histórico
Iceland,Central Bank of Iceland,Ásgeir Jónsson,Islandia,Gobernador,2019,En cargo,Actual
Iran,Central Bank of the Islamic Republic of Iran,Tahmasb Mazaheri,Irán,Gobernador,2007,2008,Histórico
Iran,Central Bank of the Islamic Republic of Iran,Mahmoud Bahmani,Irán,Gobernador,2008,2013,Histórico
Iran,Central Bank of the Islamic Republic of Iran,Valiollah Seif,Irán,Gobernador,2013,2018,Histórico
Iran,Central Bank of the Islamic Republic of Iran,Abdolnaser Hemmati,Irán,Gobernador,2018,2021,Histórico
Iran,Central Bank of the Islamic Republic of Iran,Ali Salehabadi,Irán,Gobernador,2021,2022,Histórico
Iran,Central Bank of the Islamic Republic of Iran,Mohammad Reza Farzin,Irán,Gobernador,2022,En cargo,Actual
Iraq,Central Bank of Iraq,Sinan Al-Shabibi,Irak,Gobernador,2003,2012,Histórico
Iraq,Central Bank of Iraq,Abdul Basit Turki,Irak,Gobernador,2012,2014,Histórico
Iraq,Central Bank of Iraq,Ali Mohsen Ismail Al-Alaq,Irak,Gobernador,2014,En cargo,Actual
Israel,Bank of Israel,David Klein,Israel,Gobernador,2000,2005,Histórico
Israel,Bank of Israel,Stanley Fischer,EE.UU. / Israel,Gobernador,2005,2013,Histórico
Israel,Bank of Israel,Karnit Flug,Israel,Gobernadora,2013,2018,Histórico
Israel,Bank of Israel,Amir Yaron,Israel / EE.UU.,Gobernador,2018,En cargo,Actual
Israel,Bank of Israel,Andrew Abir,Israel / EE.UU.,Subgobernador,2021,En cargo,Actual
Jamaica,Bank of Jamaica,Derick Latibeaudiere,Jamaica,Gobernador,1996,2009,Histórico
Jamaica,Bank of Jamaica,Brian Wynter,Jamaica,Gobernador,2009,2019,Histórico
Jamaica,Bank of Jamaica,Richard Byles,Jamaica,Gobernador,2019,En cargo,Actual
Jordan,Central Bank of Jordan,Umayya Toukan,Jordania,Gobernador,2000,2010,Histórico
Jordan,Central Bank of Jordan,Ziad Fariz,Jordania,Gobernador,2011,2022,Histórico
Jordan,Central Bank of Jordan,Adel Al-Sharkas,Jordania,Gobernador,2022,En cargo,Actual
Kazakhstan,National Bank of Kazakhstan,Grigoriy Marchenko,Kazajistán,Presidente,2004,2009,Histórico
Kazakhstan,National Bank of Kazakhstan,Anvar Saidenov,Kazajistán,Presidente,2009,2011,Histórico
Kazakhstan,National Bank of Kazakhstan,Grigoriy Marchenko,Kazajistán,Presidente,2011,2013,Histórico
Kazakhstan,National Bank of Kazakhstan,Kairat Kelimbetov,Kazajistán,Presidente,2013,2015,Histórico
Kazakhstan,National Bank of Kazakhstan,Daniyar Akishev,Kazajistán,Presidente,2015,2019,Histórico
Kazakhstan,National Bank of Kazakhstan,Erbolat Dossayev,Kazajistán,Presidente,2019,2022,Histórico
Kazakhstan,National Bank of Kazakhstan,Galymzhan Pirmatov,Kazajistán,Presidente,2022,2024,Histórico
Kazakhstan,National Bank of Kazakhstan,Timur Suleimenov,Kazajistán,Presidente,2024,En cargo,Actual
Lebanon,Banque du Liban,Riad Salamé,Líbano,Gobernador,1993,2023,Histórico
Lebanon,Banque du Liban,Wassim Mansouri,Líbano,Gobernador Interino,2023,En cargo,Actual
Malaysia,Central Bank of Malaysia,Zeti Akhtar Aziz,Malasia,Gobernadora,2000,2016,Histórico
Malaysia,Central Bank of Malaysia,Muhammad Ibrahim,Malasia,Gobernador,2016,2018,Histórico
Malaysia,Central Bank of Malaysia,Nor Shamsiah Mohd Yunus,Malasia,Gobernadora,2018,2023,Histórico
Malaysia,Central Bank of Malaysia,Abdul Rasheed Ghaffour,Malasia,Gobernador,2023,En cargo,Actual
Philippines,Bangko Sentral ng Pilipinas,Rafael Buenaventura,Filipinas,Gobernador,1999,2005,Histórico
Philippines,Bangko Sentral ng Pilipinas,Amando Tetangco Jr.,Filipinas,Gobernador,2005,2017,Histórico
Philippines,Bangko Sentral ng Pilipinas,Nestor Espenilla Jr.,Filipinas,Gobernador,2017,2019,Histórico
Philippines,Bangko Sentral ng Pilipinas,Benjamin Diokno,Filipinas,Gobernador,2019,2022,Histórico
Philippines,Bangko Sentral ng Pilipinas,Felipe Medalla,Filipinas,Gobernador,2022,2023,Histórico
Philippines,Bangko Sentral ng Pilipinas,Eli Remolona Jr.,Filipinas,Gobernador,2023,En cargo,Actual
Portugal,European Central Bank / Bank of Portugal,Vítor Constâncio,Portugal,Gobernador,2000,2010,Histórico
Portugal,European Central Bank / Bank of Portugal,Carlos Costa,Portugal,Gobernador,2010,2020,Histórico
Portugal,European Central Bank / Bank of Portugal,Mário Centeno,Portugal,Gobernador,2020,En cargo,Actual
Qatar,Qatar Central Bank,Abdullah bin Saud Al-Thani,Catar,Gobernador,2006,2023,Histórico
Qatar,Qatar Central Bank,Bandar bin Mohammed Al-Thani,Catar,Gobernador,2023,En cargo,Actual
Romania,National Bank of Romania,Mugur Isărescu,Rumanía,Gobernador,1990,En cargo,Actual
Rwanda,National Bank of Rwanda,François Kanimba,Ruanda,Gobernador,2004,2013,Histórico
Rwanda,National Bank of Rwanda,John Rwangombwa,Ruanda,Gobernador,2013,En cargo,Actual
Sri Lanka,Central Bank of Sri Lanka,Sunil Mendis,Sri Lanka,Gobernador,2001,2004,Histórico
Sri Lanka,Central Bank of Sri Lanka,Nivard Cabraal,Sri Lanka,Gobernador,2006,2015,Histórico
Sri Lanka,Central Bank of Sri Lanka,Arjuna Mahendran,Sri Lanka / Singapur,Gobernador,2015,2016,Histórico
Sri Lanka,Central Bank of Sri Lanka,Indrajit Coomaraswamy,Sri Lanka,Gobernador,2016,2020,Histórico
Sri Lanka,Central Bank of Sri Lanka,W. D. Lakshman,Sri Lanka,Gobernador,2020,2021,Histórico
Sri Lanka,Central Bank of Sri Lanka,Ajith Nivard Cabraal,Sri Lanka,Gobernador,2021,2022,Histórico
Sri Lanka,Central Bank of Sri Lanka,P. Nandalal Weerasinghe,Sri Lanka,Gobernador,2022,En cargo,Actual
Taiwan *,Central Bank of the Republic of China (Taiwan),Perng Fai-nan,Taiwán,Gobernador,1998,2018,Histórico
Taiwan *,Central Bank of the Republic of China (Taiwan),Yang Chin-long,Taiwán,Gobernador,2018,En cargo,Actual
Thailand,Bank of Thailand,Pridiyathorn Devakula,Tailandia,Gobernador,2001,2006,Histórico
Thailand,Bank of Thailand,Tarisa Watanagase,Tailandia,Gobernadora,2006,2010,Histórico
Thailand,Bank of Thailand,Prasarn Trairatvorakul,Tailandia,Gobernador,2010,2015,Histórico
Thailand,Bank of Thailand,Veerathai Santiprabhob,Tailandia,Gobernador,2015,2020,Histórico
Thailand,Bank of Thailand,Sethaput Suthiwart-Narueput,Tailandia,Gobernador,2020,En cargo,Actual
Tunisia,Central Bank of Tunisia,Taoufik Baccar,Túnez,Gobernador,2001,2012,Histórico
Tunisia,Central Bank of Tunisia,Chedly Ayari,Túnez,Gobernador,2012,2018,Histórico
Tunisia,Central Bank of Tunisia,Marouane El Abassi,Túnez,Gobernador,2018,2022,Histórico
Tunisia,Central Bank of Tunisia,Fethi Zouhair Nouri,Túnez,Gobernador,2022,En cargo,Actual
Ukraine,National Bank of Ukraine,Serhiy Tyhypko,Ucrania,Gobernador,2002,2004,Histórico
Ukraine,National Bank of Ukraine,Arseniy Yatsenyuk,Ucrania,Gobernador,2005,2006,Histórico
Ukraine,National Bank of Ukraine,Volodymyr Stelmakh,Ucrania,Gobernador,2004,2010,Histórico
Ukraine,National Bank of Ukraine,Serhiy Arbuzov,Ucrania,Gobernador,2010,2012,Histórico
Ukraine,National Bank of Ukraine,Ihor Sorkin,Ucrania,Gobernador,2012,2014,Histórico
Ukraine,National Bank of Ukraine,Valeria Gontareva,Ucrania,Gobernadora,2014,2017,Histórico
Ukraine,National Bank of Ukraine,Yakiv Smolii,Ucrania,Gobernador,2017,2020,Histórico
Ukraine,National Bank of Ukraine,Kyrylo Shevchenko,Ucrania,Gobernador,2020,2022,Histórico
Ukraine,National Bank of Ukraine,Andriy Pyshnyi,Ucrania,Gobernador,2022,En cargo,Actual
United Arab Emirates,Central Bank of the UAE,Sultan Bin Nasser Al-Suwaidi,EAU,Gobernador,1991,2014,Histórico
United Arab Emirates,Central Bank of the UAE,Mubarak Rashed Al-Mansouri,EAU,Gobernador,2014,2018,Histórico
United Arab Emirates,Central Bank of the UAE,Abdulhamid Saeed,EAU,Gobernador,2018,2021,Histórico
United Arab Emirates,Central Bank of the UAE,Khaled Mohamed Balama,EAU,Gobernador,2021,En cargo,Actual
Uruguay,Central Bank of Uruguay,César Rodríguez Batlle,Uruguay,Presidente,2000,2005,Histórico
Uruguay,Central Bank of Uruguay,Walter Cancela,Uruguay,Presidente,2005,2008,Histórico
Uruguay,Central Bank of Uruguay,Mario Bergara,Uruguay,Presidente,2008,2015,Histórico
Uruguay,Central Bank of Uruguay,Alberto Graña,Uruguay,Presidente,2015,2017,Histórico
Uruguay,Central Bank of Uruguay,Diego Labat,Uruguay,Presidente,2020,2023,Histórico
Uruguay,Central Bank of Uruguay,Washington Ribeiro,Uruguay,Presidente,2023,En cargo,Actual
Uruguay,Central Bank of Uruguay,Inés Barbero,Uruguay,Vicepresidenta,2023,En cargo,Actual
Venezuela,Central Bank of Venezuela,Diego Luis Castellanos,Venezuela,Presidente,1996,2002,Histórico
Venezuela,Central Bank of Venezuela,Gastón Parra Luzardo,Venezuela,Presidente,2002,2007,Histórico
Venezuela,Central Bank of Venezuela,Rodrigo Cabeza,Venezuela,Presidente,2007,2008,Histórico
Venezuela,Central Bank of Venezuela,Nelson Merentes,Venezuela,Presidente,2008,2014,Histórico
Venezuela,Central Bank of Venezuela,Eudomar Tovar,Venezuela,Presidente,2014,2015,Histórico
Venezuela,Central Bank of Venezuela,Nelson Merentes,Venezuela,Presidente,2015,2015,Histórico
Venezuela,Central Bank of Venezuela,Ramón Lobo,Venezuela,Presidente,2015,2018,Histórico
Venezuela,Central Bank of Venezuela,Calixto Ortega Sánchez,Venezuela,Presidente,2018,2024,Histórico
Venezuela,Central Bank of Venezuela,Aníbal Jesús Aguilar,Venezuela,Presidente,2024,En cargo,Actual
Vietnam,State Bank of Vietnam,Lê Đức Thúy,Vietnam,Gobernador,2000,2011,Histórico
Vietnam,State Bank of Vietnam,Nguyễn Văn Bình,Vietnam,Gobernador,2011,2016,Histórico
Vietnam,State Bank of Vietnam,Lê Minh Hưng,Vietnam,Gobernador,2016,2021,Histórico
Vietnam,State Bank of Vietnam,Nguyễn Thị Hồng,Vietnam,Gobernadora,2021,En cargo,Actual
Zambia,Bank of Zambia,Caleb Fundanga,Zambia,Gobernador,2002,2011,Histórico
Zambia,Bank of Zambia,Michael Gondwe,Zambia,Gobernador,2011,2015,Histórico
Zambia,Bank of Zambia,Denny Kalyalya,Zambia,Gobernador,2015,En cargo,Actual
Zimbabwe,Reserve Bank of Zimbabwe,Leonard Tsumba,Zimbabwe,Gobernador,1993,2003,Histórico
Zimbabwe,Reserve Bank of Zimbabwe,Gideon Gono,Zimbabwe,Gobernador,2003,2013,Histórico
Zimbabwe,Reserve Bank of Zimbabwe,John Mangudya,Zimbabwe,Gobernador,2014,2024,Histórico
Zimbabwe,Reserve Bank of Zimbabwe,John Mushayavanhu,Zimbabwe,Gobernador,2024,En cargo,Actual
Caribe Oriental,Eastern Caribbean Central Bank,K. Dwight Venner,San Vicente,Gobernador ECCB,1989,2015,Histórico
Caribe Oriental,Eastern Caribbean Central Bank,Timothy Antoine,Granada,Gobernador ECCB,2016,En cargo,Actual
África Central,Bank of Central African States (BEAC),Louis Aleka-Rybert,Gabón,Gobernador BEAC,2000,2009,Histórico
África Central,Bank of Central African States (BEAC),Lucas Abaga Nchama,Guinea Ecuatorial,Gobernador BEAC,2009,2017,Histórico
África Central,Bank of Central African States (BEAC),Abbas Mahamat Tolli,Chad,Gobernador BEAC,2017,2022,Histórico
África Central,Bank of Central African States (BEAC),Yvon Sana Bangui,Congo,Gobernador BEAC,2022,En cargo,Actual
África Occidental,Central Bank of West African States (BCEAO),Charles Konan Banny,Costa de Marfil,Gobernador BCEAO,2000,2011,Histórico
África Occidental,Central Bank of West African States (BCEAO),Tiémoko Meyliet Koné,Guinea,Gobernador BCEAO,2011,2020,Histórico
África Occidental,Central Bank of West African States (BCEAO),Jean-Claude Kassi Brou,Costa de Marfil,Gobernador BCEAO,2020,En cargo,Actual
