search_name;iso3;position_original;reason
A Caram;ABW;President / Governor;no_reliable_match
J Semeleer;ABW;President / Governor;no_reliable_match
Emile Dunnen;ABW;President / Governor;no_reliable_match
Arthur Irausquin;ABW;President / Governor;no_reliable_match
J Sarvaas;ABW;President / Governor;no_reliable_match
Anthony Caram;ABW;President / Governor;no_reliable_match
Robertico Henriquez;ABW;President / Governor;no_reliable_match
Ghulam Yalaqi;AFG;Board member;no_reliable_match
Mohammad Hashimzai;AFG;Board member;no_reliable_match
Khalil Sediq;AFG;President / Governor;no_reliable_match
Shah Mehrabi;AFG;Board member;no_reliable_match
Abdul Fitrat;AFG;President / Governor;no_reliable_match
Katrin Fakiri;AFG;Board member;no_reliable_match
Hidayatullah Badri;AFG;President / Governor;no_reliable_match
Noor Agha;AFG;President / Governor;no_reliable_match
Mohibullah Safi;AFG;Vice-president / Deputy-governor;no_reliable_match
Wahidullah Nosher;AFG;President / Governor;no_reliable_match
Habibullah Achekzai;AFG;President / Governor;no_reliable_match
Ghulam Jujeni;AFG;President / Governor;no_reliable_match
Mehrabuddin Paktiawal;AFG;President / Governor;no_reliable_match
Abdul Ranjbar;AFG;President / Governor;no_reliable_match
Khalil Sediq;AFG;President / Governor;no_reliable_match
Abdul Asefi;AFG;President / Governor;no_reliable_match
Najibullah Sahu;AFG;President / Governor;no_reliable_match
Abdul Sani;AFG;President / Governor;no_reliable_match
Samiullah Ibrahimi;AFG;Vice-president / Deputy-governor;no_reliable_match
Abdul Ghawasi;AFG;Board member;no_reliable_match
Khan Hadawal;AFG;President / Governor;no_reliable_match
Khan Hadawal;AFG;President / Governor;no_reliable_match
Manuel Junior;AGO;Board member;no_reliable_match
Jose Massano;AGO;President / Governor;no_reliable_match
Ricardo Abreu;AGO;Vice-president / Deputy-governor;no_reliable_match
Ricardo Dabreu;AGO;Vice-president / Deputy-governor;no_reliable_match
Jose Massano;AGO;President / Governor;no_reliable_match
Augusto Matos;AGO;President / Governor;no_reliable_match
Antonio Inacio;AGO;President / Governor;no_reliable_match
Sebastiao Lavrador;AGO;President / Governor;no_reliable_match
Generoso Almeida;AGO;President / Governor;no_reliable_match
Sebastiao Lavrador;AGO;President / Governor;no_reliable_match
Celestino Kanda;AGO;President / Governor;no_reliable_match
Marinela Amaral;AGO;Board member;no_reliable_match
Amadeu Mauricio;AGO;Vice-president / Deputy-governor;no_reliable_match
Abrahao Gourgel;AGO;President / Governor;no_reliable_match
Suzana Monteiro;AGO;Board member;no_reliable_match
Spiro Bakalli;ALB;President / Governor;no_reliable_match
Kostaq Postoli;ALB;President / Governor;no_reliable_match
Andrea Nako;ALB;President / Governor;no_reliable_match
Ksenofon Krisafi;ALB;Board member;no_reliable_match
Sulo Haderi;ALB;Board member;no_reliable_match
Shklqim Cani;ALB;President / Governor;no_reliable_match
Anastas Angjeli;ALB;Board member;no_reliable_match
Tonin Kola;ALB;Board member;no_reliable_match
Fatos Ibrahimi;ALB;Vice-president / Deputy-governor;no_reliable_match
Petraq Milo;ALB;Board member;no_reliable_match
Luljeta Minxhozi;ALB;Vice-president / Deputy-governor;no_reliable_match
Drini Salko;ALB;Board member;no_reliable_match
Tonin Kola;ALB;Board member;no_reliable_match
Bajram Muca;ALB;Board member;no_reliable_match
Arjan Kadareja;ALB;Board member;no_reliable_match
Kristaq Luniku;ALB;President / Governor;no_reliable_match
Gent Sejko;ALB;President / Governor;no_reliable_match
Elisabeta Gjoni;ALB;Vice-president / Deputy-governor;no_reliable_match
Natasha Ahmetaj;ALB;Board member;no_reliable_match
Luljeta Minxhozi;ALB;Vice-president / Deputy-governor;no_reliable_match
Zeqir Lika;ALB;President / Governor;no_reliable_match
Llazar Gjika;ALB;President / Governor;no_reliable_match
Kamber Myftari;ALB;President / Governor;no_reliable_match
Qamil Tusha;ALB;President / Governor;no_reliable_match
Dhame Pite;ALB;Board member;no_reliable_match
Llazi Balliu;ALB;Board member;no_reliable_match
Tefta Cuci;ALB;Board member;no_reliable_match
Limos Malaj;ALB;Board member;no_reliable_match
Halit Xhafa;ALB;Board member;no_reliable_match
Ela Golemi;ALB;Board member;no_reliable_match
Elisabeta Gjoni;ALB;President / Governor;no_reliable_match
Denada Prifti;ALB;Board member;no_reliable_match
Emsley Tromp;ANT;President / Governor;no_reliable_match
Antoine Delden;ANT;President / Governor;no_reliable_match
Henri Timmermans;ANT;President / Governor;no_reliable_match
Hans Servage;ANT;President / Governor;no_reliable_match
Khalil Foulathi;ARE;Board member;no_reliable_match
Sultan Alsuwaidi;ARE;President / Governor;no_reliable_match
Abdulhamid Alahmadi;ARE;President / Governor;no_reliable_match
Khaled Tameemi;ARE;President / Governor;no_reliable_match
Mubarak Mansoori;ARE;President / Governor;no_reliable_match
Omar Sulaiman;ARE;Vice-president / Deputy-governor;no_reliable_match
Khalid Altayer;ARE;Board member;no_reliable_match
Hamad Buamim;ARE;Board member;no_reliable_match
Abdelmalik Alhamar;ARE;President / Governor;no_reliable_match
Abdelmalik Alhamar;ARE;President / Governor;no_reliable_match
Bin Alsuwaidi;ARE;President / Governor;no_reliable_match
Khalifa Huwaileel;ARE;Board member;no_reliable_match
Saeed Almuhairy;ARE;Board member;no_reliable_match
Younis Khoori;ARE;Board member;no_reliable_match
Eduardo Longardi;ARG;President / Governor;no_reliable_match
Arturo Ilia;ARG;President / Governor;no_reliable_match
Jorge Emparanza;ARG;President / Governor;no_reliable_match
* Mondelli;ARG;President / Governor;no_reliable_match
Gonzalez Solar;ARG;President / Governor;no_reliable_match
Garcia Vazquez;ARG;President / Governor;no_reliable_match
Ricardo Gruneisen;ARG;President / Governor;no_reliable_match
Ricardo Cairoli;ARG;President / Governor;no_reliable_match
* Ianella;ARG;President / Governor;no_reliable_match
Hernan Aldabe;ARG;President / Governor;no_reliable_match
Roque Maccarone;ARG;President / Governor;no_reliable_match
Enrique Folcini;ARG;President / Governor;no_reliable_match
Fernando Rua;ARG;President / Governor;no_reliable_match
Pedro Pou;ARG;President / Governor;no_reliable_match
Pedro Pou;ARG;President / Governor;no_reliable_match
Javier Fraga;ARG;President / Governor;no_reliable_match
Javier Fraga;ARG;President / Governor;no_reliable_match
Mercedes Pont;ARG;Board member;no_reliable_match
Miguel Pesce;ARG;Board member;no_reliable_match
Alfonso Pratgay;ARG;President / Governor;no_reliable_match
Demian Reidel;ARG;Vice-president / Deputy-governor;no_reliable_match
Lucas Llach;ARG;Vice-president / Deputy-governor;no_reliable_match
Egidio Iannella;ARG;Board member;no_reliable_match
Carlos Bringnone;ARG;President / Governor;no_reliable_match
Alfredo Cassino;ARG;President / Governor;no_reliable_match
* Conception;ARG;President / Governor;no_reliable_match
Andrey Papovyan;ARM;President / Governor;no_reliable_match
Ashot Avetisyan;ARM;Board member;no_reliable_match
Armenak Darbinyan;ARM;Board member;no_reliable_match
Grigor Ghonjeyan;ARM;Board member;no_reliable_match
Andranik Norekyan;ARM;President / Governor;no_reliable_match
Arthur Javadyan;ARM;Board member;no_reliable_match
Arthur Javadyan;ARM;President / Governor;no_reliable_match
Karine Minasyan;ARM;President / Governor;no_reliable_match
Armen Nurbekyan;ARM;Vice-president / Deputy-governor;no_reliable_match
Anton Krizhijanovsky;ARM;President / Governor;no_reliable_match
Nikolai Sannikov;ARM;President / Governor;no_reliable_match
Constantine Sibani;ARM;President / Governor;no_reliable_match
Vladislav Moravski;ARM;President / Governor;no_reliable_match
Martin Sahakyan;ARM;President / Governor;no_reliable_match
Garsan Varshamyan;ARM;President / Governor;no_reliable_match
Vardan Mamikonyan;ARM;President / Governor;no_reliable_match
Arkady Minasyan;ARM;President / Governor;no_reliable_match
Sergey Baturi;ARM;President / Governor;no_reliable_match
Riza Velibekov;ARM;President / Governor;no_reliable_match
Artashes Sargsyan;ARM;President / Governor;no_reliable_match
Stepan Safaryan;ARM;President / Governor;no_reliable_match
Vladimir Aghasyan;ARM;President / Governor;no_reliable_match
Ruben Valesyan;ARM;Board member;no_reliable_match
Vardan Movsesyan;ARM;Board member;no_reliable_match
Amalya Saribekyan;ARM;Board member;no_reliable_match
Vakhtang Abrahamyan;ARM;Board member;no_reliable_match
Oleg Aghasyan;ARM;Board member;no_reliable_match
Mervyn Phillips;AUS;Vice-president / Deputy-governor;no_reliable_match
Graham Kraehe;AUS;President / Governor;no_reliable_match
Ric Battellino;AUS;President / Governor;no_reliable_match
Carol Ao;AUS;Board member;no_reliable_match
Warwick Hunt;AUS;Board member;no_reliable_match
Catherine Tanna;AUS;Board member;no_reliable_match
Elana Rubin;AUS;Board member;no_reliable_match
Andrew Hauser;AUS;Vice-president / Deputy-governor;no_reliable_match
A Payan;AUS;Board member;no_reliable_match
Bruce Preston;AUS;Board member;no_reliable_match
Richard Reisch;AUT;President / Governor;no_reliable_match
Viktor Kienbock;AUT;President / Governor;no_reliable_match
Hans Rizzi;AUT;President / Governor;no_reliable_match
Eugen Margaretha;AUT;President / Governor;no_reliable_match
Eugen Kaniak;AUT;President / Governor;no_reliable_match
Reinhard Kamitz;AUT;President / Governor;no_reliable_match
Wolfgang Schmitz;AUT;President / Governor;no_reliable_match
Hellmuth Klauhs;AUT;President / Governor;no_reliable_match
Adolf Wala;AUT;President / Governor;no_reliable_match
Adolf Wala;AUT;President / Governor;no_reliable_match
Herbert Schimetschek;AUT;President / Governor;no_reliable_match
Klaus Liebscher;AUT;President / Governor;no_reliable_match
Gertrude Tumpelgugerell;AUT;Vice-president / Deputy-governor;no_reliable_match
Gertrude Tumpelgugerell;AUT;Board member;no_reliable_match
Ingrid Reischl;AUT;Board member;no_reliable_match
Gottfried Haber;AUT;Vice-president / Deputy-governor;no_reliable_match
Harald Mahrer;AUT;Board member;no_reliable_match
Bettina Dorferpauschenwein;AUT;Vice-president / Deputy-governor;no_reliable_match
Qalib Agayev;AZE;President / Governor;no_reliable_match
Qalib Agayev;AZE;President / Governor;no_reliable_match
Alim Guliyev;AZE;Vice-president / Deputy-governor;no_reliable_match
Cavansir Abdullayev;AZE;President / Governor;no_reliable_match
Greogiore Bayiyezako;BDI;President / Governor;no_reliable_match
Salvator Toyi;BDI;President / Governor;no_reliable_match
Gregoire Banyiyezako;BDI;President / Governor;no_reliable_match
Gaspard Sindayigaya;BDI;President / Governor;no_reliable_match
Bonaventure Kidwingira;BDI;President / Governor;no_reliable_match
Elisee Ntahonikora;BDI;President / Governor;no_reliable_match
Aloys Ntahonkiriye;BDI;President / Governor;no_reliable_match
Isaac Budabuda;BDI;President / Governor;no_reliable_match
Isaac Bizimana;BDI;President / Governor;no_reliable_match
Jean Ciza;BDI;President / Governor;no_reliable_match
Edouard Bigendako;BDI;President / Governor;no_reliable_match
Cecil Strycker;BEL;President / Governor;no_reliable_match
Rik Branson;BEL;Board member;no_reliable_match
Didier Matray;BEL;Board member;no_reliable_match
Jan Smets;BEL;President / Governor;no_reliable_match
Eddy Varmoesen;BEL;Board member;no_reliable_match
Marcia Wachter;BEL;Board member;no_reliable_match
Guy Haaze;BEL;Board member;no_reliable_match
Rudy Leeuw;BEL;Board member;no_reliable_match
Jan Vercamst;BEL;Board member;no_reliable_match
Christl Joris;BEL;Board member;no_reliable_match
Yves Prete;BEL;Board member;no_reliable_match
Jean Cats;BEL;Board member;no_reliable_match
Eric Mathay;BEL;Board member;no_reliable_match
Michele Detaille;BEL;Board member;no_reliable_match
Claire Tillekaerts;BEL;Board member;no_reliable_match
Hans Dhondt;BEL;Board member;no_reliable_match
Jean Eylenbosch;BEL;Board member;no_reliable_match
Tom Dechaene;BEL;Board member;no_reliable_match
Mario Coppens;BEL;Board member;no_reliable_match
Thierry Bodson;BEL;Board member;no_reliable_match
Christine Mahy;BEL;Board member;no_reliable_match
Marc Leemans;BEL;Board member;no_reliable_match
Mia Schamphelaere;BEL;Board member;no_reliable_match
Tom Dechaene;BEL;Vice-president / Deputy-governor;no_reliable_match
Christian Thillo;BEL;Board member;no_reliable_match
Fabienne Bister;BEL;Board member;no_reliable_match
Veronique Thirion;BEL;Board member;no_reliable_match
Jo Swyngedouw;BEL;Board member;no_reliable_match
Veronique Thirion;BEL;Board member;no_reliable_match
Robert Vertenueil;BEL;Board member;no_reliable_match
Karel Eetvel;BEL;Board member;no_reliable_match
Sonja Becker;BEL;Board member;no_reliable_match
Pierre Wunsch;BEL;President / Governor;no_reliable_match
Gregoire Koutentakis;BEL;Board member;no_reliable_match
Vincent Magnee;BEL;Board member;no_reliable_match
Danny Assche;BEL;Board member;no_reliable_match
Estelle Cantillo;BEL;Board member;no_reliable_match
Tim Hermans;BEL;Board member;no_reliable_match
Geraldine Stichele;BEL;Board member;no_reliable_match
Pieter Verhelst;BEL;Board member;no_reliable_match
Lionel Rouget;BEL;Board member;no_reliable_match
Dimitri Lhoste;BEL;Board member;no_reliable_match
Louise Fromont;BEL;Board member;no_reliable_match
Bernard Jurion;BEL;Board member;no_reliable_match
Edwin Boeck;BEL;Board member;no_reliable_match
Marjan Maes;BEL;Board member;no_reliable_match
Gilles Vandorpe;BEL;Board member;no_reliable_match
Houessou Hadonou;BEN;Board member;no_reliable_match
Oumara Assouma;BEN;Board member;no_reliable_match
Alain Komaclo;BEN;Board member;no_reliable_match
Emmanuel Assilamehoo;BEN;Board member;no_reliable_match
Robert Julienne;BFA;President / Governor;no_reliable_match
Abdoulaye Fadiga;BFA;President / Governor;no_reliable_match
Philippe Dakourytabley;BFA;President / Governor;no_reliable_match
Jean Compaore;BFA;Vice-president / Deputy-governor;no_reliable_match
A Hamidullah;BGD;President / Governor;no_reliable_match
Lutfar Sarkar;BGD;President / Governor;no_reliable_match
Shegufta Chaudhuri;BGD;President / Governor;no_reliable_match
Sanat Saha;BGD;Board member;no_reliable_match
Mustafa Mujeri;BGD;Board member;no_reliable_match
A Islam;BGD;Board member;no_reliable_match
Mohammad Taslim;BGD;President / Governor;no_reliable_match
Sadiq Ahmed;BGD;Board member;no_reliable_match
Rushidan Rahman;BGD;Board member;no_reliable_match
Shafiqur Patwari;BGD;Board member;no_reliable_match
Musharraf Bhuiyan;BGD;President / Governor;no_reliable_match
Kazi Muktadir;BGD;Vice-president / Deputy-governor;no_reliable_match
Hedayetullah Mamoon;BGD;Board member;no_reliable_match
Hedayetullah Mamoon;BGD;President / Governor;no_reliable_match
Abu Nasser;BGD;Vice-president / Deputy-governor;no_reliable_match
Abdur Talukder;BGD;Board member;no_reliable_match
Abdur Talukder;BGD;President / Governor;no_reliable_match
Md Islam;BGD;Board member;no_reliable_match
Md Islam;BGD;Board member;no_reliable_match
Momtaz Ahmed;BGD;President / Governor;no_reliable_match
Kazi Rahman;BGD;Vice-president / Deputy-governor;no_reliable_match
Todor Valchev;BGR;President / Governor;no_reliable_match
Lyubomir Filipov;BGR;President / Governor;no_reliable_match
Svetoslav Gavriiski;BGR;President / Governor;no_reliable_match
Emilia Milanova;BGR;Vice-president / Deputy-governor;no_reliable_match
Oleg Nedyalkov;BGR;President / Governor;no_reliable_match
Emiliya Milanova;BGR;President / Governor;no_reliable_match
Dimiter Kostov;BGR;Vice-president / Deputy-governor;no_reliable_match
Tsvetan Gunev;BGR;Vice-president / Deputy-governor;no_reliable_match
Tsvetan Manchev;BGR;Vice-president / Deputy-governor;no_reliable_match
Tsvetan Manchev;BGR;Vice-president / Deputy-governor;no_reliable_match
Nina Stoyanova;BGR;Vice-president / Deputy-governor;no_reliable_match
Kalin Hristov;BGR;Vice-president / Deputy-governor;no_reliable_match
Radoslav Milenkov;BGR;Vice-president / Deputy-governor;no_reliable_match
Lyudmila Elkova;BGR;Board member;no_reliable_match
Lyudmila Elkova;BGR;Board member;no_reliable_match
Elitsa Nikolova;BGR;Board member;no_reliable_match
Iliya Lingorski;BGR;Board member;no_reliable_match
Ivan Stefanov;BGR;President / Governor;no_reliable_match
Tzonyu Tzonchev;BGR;President / Governor;no_reliable_match
Atanas Mechkarov;BGR;President / Governor;no_reliable_match
Vela Lukanova;BGR;President / Governor;no_reliable_match
Kiril Nestorov;BGR;President / Governor;no_reliable_match
Kiril Zarev;BGR;President / Governor;no_reliable_match
Veselin Nikiforov;BGR;President / Governor;no_reliable_match
Ivan Dragnevski;BGR;President / Governor;no_reliable_match
Garabed Minassian;BGR;Board member;no_reliable_match
Rumen Simeonov;BGR;Vice-president / Deputy-governor;no_reliable_match
Penka Kratunova;BGR;President / Governor;no_reliable_match
Boryana Pencheva;BGR;Board member;no_reliable_match
Nelly Kordovska;BGR;Board member;no_reliable_match
Abdullah Saif;BHR;President / Governor;no_reliable_match
Rasheed Maraj;BHR;President / Governor;no_reliable_match
Abdul Albaker;BHR;Board member;no_reliable_match
Abdulla Saif;BHR;President / Governor;no_reliable_match
Khalid Humaidan;BHR;President / Governor;no_reliable_match
Carleton Williams;BHS;Board member;no_reliable_match
Warren Rolle;BHS;Board member;no_reliable_match
Collin Callender;BHS;Board member;no_reliable_match
Julian Reapp;BHS;President / Governor;no_reliable_match
Pandora Johnson;BHS;Board member;no_reliable_match
Vincent Vanderpoolwallace;BHS;Board member;no_reliable_match
Archdeacon Palacious;BHS;Board member;no_reliable_match
Michael Lightbourne;BHS;Vice-president / Deputy-governor;no_reliable_match
Edgar Moxey;BHS;Board member;no_reliable_match
Paula Adderley;BHS;Board member;no_reliable_match
Kasim Omicevic;BIH;President / Governor;no_reliable_match
Vasilj Zarkovic;BIH;Board member;no_reliable_match
Zeljko Sain;BIH;Board member;no_reliable_match
Ankica Kolobaric;BIH;Board member;no_reliable_match
Kemal Kozaricbis;BIH;President / Governor;no_reliable_match
Radomir Bozic;BIH;Vice-president / Deputy-governor;no_reliable_match
Fikret Causevic;BIH;President / Governor;no_reliable_match
Vladusic Ljubisa;BIH;Vice-president / Deputy-governor;no_reliable_match
Zeljko Maric;BIH;Vice-president / Deputy-governor;no_reliable_match
Manoijo Coric;BIH;Board member;no_reliable_match
Mehmed Jahit;BIH;Board member;no_reliable_match
Trivo Marinkovic;BIH;Board member;no_reliable_match
Marko Vidojevic;BIH;Vice-president / Deputy-governor;no_reliable_match
Nikolai Omelyanovich;BLR;President / Governor;no_reliable_match
Stanislav Bogdankevich;BLR;President / Governor;no_reliable_match
Vladimir Senko;BLR;Board member;no_reliable_match
Gennady Aleynikov;BLR;President / Governor;no_reliable_match
Tamara Vinnikova;BLR;President / Governor;no_reliable_match
Petr Mamanovich;BLR;Board member;no_reliable_match
Elena Mashnina;BLR;Board member;no_reliable_match
Dmitry Lapko;BLR;Board member;no_reliable_match
Sergei Kalechits;BLR;Vice-president / Deputy-governor;no_reliable_match
Sergey Dubkov;BLR;Vice-president / Deputy-governor;no_reliable_match
Yury Alymov;BLR;Vice-president / Deputy-governor;no_reliable_match
Taras Nadolyn;BLR;Board member;no_reliable_match
Ilona Durasovalednitskaya;BLR;Board member;no_reliable_match
Dmitry Kalechits;BLR;Board member;no_reliable_match
Manual Esquivel;BLZ;Board member;no_reliable_match
Jorge Auil;BLZ;President / Governor;no_reliable_match
Ricardo Pelayo;BLZ;Board member;no_reliable_match
Glenford Ysaguirre;BLZ;President / Governor;no_reliable_match
Carla Burnett;BLZ;Board member;no_reliable_match
Kareem Michael;BLZ;President / Governor;no_reliable_match
Vanessa Retreage;BLZ;Board member;no_reliable_match
Alan Slusher;BLZ;President / Governor;no_reliable_match
Sydney Campbell;BLZ;President / Governor;no_reliable_match
Marilyn Gardinerusher;BLZ;Vice-president / Deputy-governor;no_reliable_match
John Mencias;BLZ;Board member;no_reliable_match
Gustavo Vasquez;BLZ;President / Governor;no_reliable_match
Darren Johnston;BMU;Vice-president / Deputy-governor;no_reliable_match
Mansfield Brock;BMU;President / Governor;no_reliable_match
Cheryl Lister;BMU;President / Governor;no_reliable_match
Alan Cossar;BMU;President / Governor;no_reliable_match
Gerald Simons;BMU;President / Governor;no_reliable_match
Fernando Baldivieso;BOL;Board member;no_reliable_match
Agustin Weise;BOL;President / Governor;no_reliable_match
Armando Siles;BOL;Vice-president / Deputy-governor;no_reliable_match
Gabriel Telleria;BOL;President / Governor;no_reliable_match
Fernando Prudencio;BOL;Vice-president / Deputy-governor;no_reliable_match
Luis Olea;BOL;Board member;no_reliable_match
Gustavo Alcala;BOL;Board member;no_reliable_match
Ernesto Aguilar;BOL;Board member;no_reliable_match
Roger Ulo;BOL;President / Governor;no_reliable_match
Alfredo Jordan;BOL;President / Governor;no_reliable_match
Alcides Molina;BOL;President / Governor;no_reliable_match
Humberto Riva;BOL;President / Governor;no_reliable_match
Armando Centellas;BOL;President / Governor;no_reliable_match
Franklin Paz;BOL;President / Governor;no_reliable_match
Eufronio Guzman;BOL;President / Governor;no_reliable_match
Humberto Rocha;BOL;President / Governor;no_reliable_match
Raul Pelaez;BOL;President / Governor;no_reliable_match
Santiago Sologuren;BOL;President / Governor;no_reliable_match
Jorge Ferrufino;BOL;President / Governor;no_reliable_match
Wenceslao Quiroz;BOL;President / Governor;no_reliable_match
Luis Rodo;BOL;President / Governor;no_reliable_match
Miguel Cohn;BOL;President / Governor;no_reliable_match
Enrique Ayaviri;BOL;President / Governor;no_reliable_match
Marcelo Prado;BOL;President / Governor;no_reliable_match
Guido Salinas;BOL;President / Governor;no_reliable_match
Herbert Costas;BOL;President / Governor;no_reliable_match
Reynaldo Arellano;BOL;President / Governor;no_reliable_match
Tamara Pena;BOL;President / Governor;no_reliable_match
Javier Iturri;BOL;President / Governor;no_reliable_match
Jacques Loubiere;BOL;President / Governor;no_reliable_match
Raul Claure;BOL;President / Governor;no_reliable_match
Lenny Bautista;BOL;President / Governor;no_reliable_match
Abraham Alandia;BOL;Board member;no_reliable_match
Reynaldo Segales;BOL;Board member;no_reliable_match
Rafael Tellez;BOL;Board member;no_reliable_match
David Torrico;BOL;President / Governor;no_reliable_match
Denio Nogueir;BRA;President / Governor;no_reliable_match
Denio Nogueira;BRA;President / Governor;no_reliable_match
Ary Burger;BRA;President / Governor;no_reliable_match
Rui Leme;BRA;President / Governor;no_reliable_match
Elmo Camoes;BRA;President / Governor;no_reliable_match
Lycio Faria;BRA;President / Governor;no_reliable_match
Paulo Lima;BRA;President / Governor;no_reliable_match
Fernao Bracher;BRA;President / Governor;no_reliable_match
Francisco Gros;BRA;President / Governor;no_reliable_match
Francisco Gros;BRA;President / Governor;no_reliable_match
Carlos Langoni;BRA;President / Governor;no_reliable_match
Ibrahim Eris;BRA;President / Governor;no_reliable_match
Hinrique Meirelles;BRA;Board member;no_reliable_match
Antonio Lemgruber;BRA;President / Governor;no_reliable_match
Tereza Togni;BRA;President / Governor;no_reliable_match
Alvir Hoffmann;BRA;Board member;no_reliable_match
Wadico Bucch;BRA;President / Governor;no_reliable_match
Sergio Werlang;BRA;Board member;no_reliable_match
Luiz Feltrim;BRA;President / Governor;no_reliable_match
Arminio Neto;BRA;President / Governor;no_reliable_match
Sidnei Marqsue;BRA;Board member;no_reliable_match
Daniel Gleizer;BRA;President / Governor;no_reliable_match
Daniel Gleizer;BRA;Board member;no_reliable_match
Aldo Mendes;BRA;President / Governor;no_reliable_match
Sidnei Marques;BRA;Board member;no_reliable_match
Eduardo Loyo;BRA;President / Governor;no_reliable_match
Rodrigo Azevedo;BRA;President / Governor;no_reliable_match
Reinaldo Grazie;BRA;Board member;no_reliable_match
Paulo Picchetti;BRA;Board member;no_reliable_match
Mario Mesquita;BRA;President / Governor;no_reliable_match
Tony Volpon;BRA;President / Governor;no_reliable_match
Mauricio Moura;BRA;Board member;no_reliable_match
Roberto Neto;BRA;President / Governor;no_reliable_match
Otavio Damaso;BRA;Board member;no_reliable_match
Isaac Ferreira;BRA;President / Governor;no_reliable_match
Isaac Ferreira;BRA;Board member;no_reliable_match
Joao Mello;BRA;Board member;no_reliable_match
Carolina Barros;BRA;Board member;no_reliable_match
Ailton Santos;BRA;Board member;no_reliable_match
Tiago Berriel;BRA;Board member;no_reliable_match
Fernanda Guardado;BRA;Board member;no_reliable_match
Diogo Guillen;BRA;Board member;no_reliable_match
Renato Goncalves;BRA;Board member;no_reliable_match
Ary Burguer;BRA;President / Governor;no_reliable_match
Luiz Candiota;BRA;President / Governor;no_reliable_match
Anthero Meirelles;BRA;Board member;no_reliable_match
Altamir Lopes;BRA;President / Governor;no_reliable_match
Kurleigh King;BRB;President / Governor;no_reliable_match
De Worrell;BRB;President / Governor;no_reliable_match
Carlos Holder;BRB;Vice-president / Deputy-governor;no_reliable_match
Darcy Boyce;BRB;Vice-president / Deputy-governor;no_reliable_match
Elson Gaskin;BRB;Vice-president / Deputy-governor;no_reliable_match
Cleviston Haynes;BRB;President / Governor;no_reliable_match
Dr Greenidge;BRB;President / Governor;no_reliable_match
Kevin Greenidge;BRB;President / Governor;no_reliable_match
Khairuddin Hamid;BRN;President / Governor;no_reliable_match
Haji Hanifah;BRN;Board member;no_reliable_match
Haji Rahman;BRN;President / Governor;no_reliable_match
Prince Billah;BRN;President / Governor;no_reliable_match
Mohd Sabtu;BRN;Board member;no_reliable_match
Dayang Md;BRN;Board member;no_reliable_match
Rashidah Sabtu;BRN;Vice-president / Deputy-governor;no_reliable_match
Lyonpo Dorji;BTN;President / Governor;no_reliable_match
Lyonpo Zimba;BTN;President / Governor;no_reliable_match
Lyonpo Zimba;BTN;President / Governor;no_reliable_match
H Tezin;BTN;President / Governor;no_reliable_match
Dasho Penjore;BTN;President / Governor;no_reliable_match
Ashi Wangchuck;BTN;President / Governor;no_reliable_match
Dasho Kesang;BTN;President / Governor;no_reliable_match
Dasho Wangchuk;BTN;President / Governor;no_reliable_match
Lyonpo Norbu;BTN;President / Governor;no_reliable_match
Lyonpo Norbu;BTN;President / Governor;no_reliable_match
Dasho Tenzin;BTN;President / Governor;no_reliable_match
Dasho Tshogyel;BTN;President / Governor;no_reliable_match
Jean Compaore;BUR;Vice-president / Deputy-governor;no_reliable_match
N Fidzani;BWA;Board member;no_reliable_match
T Seretse;BWA;Board member;no_reliable_match
Christopher Hermans;BWA;President / Governor;no_reliable_match
Quill Hermans;BWA;President / Governor;no_reliable_match
U Corea;BWA;Board member;no_reliable_match
G Cunliffe;BWA;President / Governor;no_reliable_match
Keith Jefferis;BWA;Vice-president / Deputy-governor;no_reliable_match
Moses Pelaelo;BWA;President / Governor;no_reliable_match
Moses Pelaelo;BWA;President / Governor;no_reliable_match
Cornelius Dekop;BWA;President / Governor;no_reliable_match
Victoria Lekoma;BWA;Board member;no_reliable_match
Malebogo Bakwena;BWA;Board member;no_reliable_match
Brenton Leavitt;BWA;President / Governor;no_reliable_match
K Jefferis;BWA;President / Governor;no_reliable_match
R Mmutle;BWA;Board member;no_reliable_match
B Moeletsi;BWA;Board member;no_reliable_match
C Botlholemmopi;BWA;Board member;no_reliable_match
J Sentsho;BWA;Board member;no_reliable_match
Jean Mamalepot;CAF;President / Governor;no_reliable_match
Michael Mukete;CAF;President / Governor;no_reliable_match
Rigobert Andely;CAF;Vice-president / Deputy-governor;no_reliable_match
Philibert Andzembe;CAF;Board member;no_reliable_match
Lucas Nchama;CAF;President / Governor;no_reliable_match
Yvon Bangui;CAF;President / Governor;no_reliable_match
Georges Gautier;CAF;President / Governor;no_reliable_match
Emmanuel Rocher;CAF;Board member;no_reliable_match
Allamine Treye;CAF;Board member;no_reliable_match
Gervais Doungoupou;CAF;Board member;no_reliable_match
Pascal Fourcaut;CAF;Board member;no_reliable_match
Gerald Reapp;CAN;President / Governor;no_reliable_match
Bernard Bonin;CAN;Vice-president / Deputy-governor;no_reliable_match
Monique Jeromeforget;CAN;Board member;no_reliable_match
Bonnie Dupont;CAN;Board member;no_reliable_match
David Laidley;CAN;Board member;no_reliable_match
Graeme Thompson;CAN;Vice-president / Deputy-governor;no_reliable_match
Nicholas Pan;CAN;Vice-president / Deputy-governor;no_reliable_match
Timothy Lane;CAN;Vice-president / Deputy-governor;no_reliable_match
Monique Mercier;CAN;Board member;no_reliable_match
Lawrence Schembri;CAN;Board member;no_reliable_match
Tiff Macklen;CAN;Board member;no_reliable_match
Peter Dhillon;CAN;Board member;no_reliable_match
Carolyn Rogers;CAN;Vice-president / Deputy-governor;no_reliable_match
Sharon Kozicki;CAN;Vice-president / Deputy-governor;no_reliable_match
Charles Freedman;CAN;President / Governor;no_reliable_match
Tim Noel;CAN;Vice-president / Deputy-governor;no_reliable_match
Malcom Knight;CAN;President / Governor;no_reliable_match
David Longworth;CAN;Vice-president / Deputy-governor;no_reliable_match
Phillip Deck;CAN;Board member;no_reliable_match
Jock Finlayson;CAN;Board member;no_reliable_match
Richard Mcgaw;CAN;Board member;no_reliable_match
Agathe Cote;CAN;President / Governor;no_reliable_match
Phyllis Clark;CAN;Board member;no_reliable_match
Wes Scott;CAN;Board member;no_reliable_match
Sylvain Leduc;CAN;Vice-president / Deputy-governor;no_reliable_match
Sandra Hanington;CAN;Board member;no_reliable_match
Heinrich Kundert;CHE;President / Governor;no_reliable_match
Rodolphe Haller;CHE;Vice-president / Deputy-governor;no_reliable_match
Charles Wartensee;CHE;Vice-president / Deputy-governor;no_reliable_match
Gottlieb Bachmann;CHE;President / Governor;no_reliable_match
Paul Rossy;CHE;Vice-president / Deputy-governor;no_reliable_match
Walter Schwegler;CHE;President / Governor;no_reliable_match
Edwin Stopper;CHE;President / Governor;no_reliable_match
Pierre Languetin;CHE;President / Governor;no_reliable_match
Markus Lusser;CHE;Board member;no_reliable_match
Markus Lusser;CHE;President / Governor;no_reliable_match
Kurt Hauri;CHE;Board member;no_reliable_match
Kathi Bangerter;CHE;Board member;no_reliable_match
Eduard Belser;CHE;Board member;no_reliable_match
Ulrich Kohli;CHE;Board member;no_reliable_match
Philippe Pidoux;CHE;Board member;no_reliable_match
Niklaus Blattner;CHE;President / Governor;no_reliable_match
Niklaus Blattner;CHE;Board member;no_reliable_match
Werner Messmer;CHE;Board member;no_reliable_match
Franz Marty;CHE;Board member;no_reliable_match
Hans Raggenbass;CHE;Board member;no_reliable_match
Alfredo Gysi;CHE;Board member;no_reliable_match
Jean Danthine;CHE;President / Governor;no_reliable_match
Rita Fuhrer;CHE;Board member;no_reliable_match
Serge Gaillard;CHE;Board member;no_reliable_match
Olivier Steimber;CHE;Board member;no_reliable_match
Ernst Stocker;CHE;Board member;no_reliable_match
Martin Kraenzlin;CHE;Board member;no_reliable_match
Marina Masoni;CHE;Board member;no_reliable_match
Christoph Lengwiler;CHE;Board member;no_reliable_match
Christoph Mader;CHE;Board member;no_reliable_match
Dewet Moser;CHE;Board member;no_reliable_match
Shelby Pasquier;CHE;Board member;no_reliable_match
Fritz Zurbrugg;CHE;Vice-president / Deputy-governor;no_reliable_match
Romeo Lacher;CHE;Vice-president / Deputy-governor;no_reliable_match
Laura Sadis;CHE;Board member;no_reliable_match
Monika Butler;CHE;Board member;no_reliable_match
Rajna Brandon;CHE;Board member;no_reliable_match
Barbara Janom;CHE;Board member;no_reliable_match
Daniel Lampart;CHE;Board member;no_reliable_match
Vania Alleva;CHE;Board member;no_reliable_match
Christoph Ammann;CHE;Vice-president / Deputy-governor;no_reliable_match
Cedric Tille;CHE;Board member;no_reliable_match
Angelo Ranaldo;CHE;Board member;no_reliable_match
Thomas Wiedmer;CHE;Board member;no_reliable_match
Christian Vitta;CHE;Board member;no_reliable_match
Rosmarie Schlup;CHE;Vice-president / Deputy-governor;no_reliable_match
Michel Peytrignet;CHE;Board member;no_reliable_match
Alexander Swoboda;CHE;Board member;no_reliable_match
Armin Jans;CHE;Board member;no_reliable_match
Petra Tschudin;CHE;Vice-president / Deputy-governor;no_reliable_match
Manuel Franzani;CHL;President / Governor;no_reliable_match
Carlos Abud;CHL;President / Governor;no_reliable_match
Vittorio Lioi;CHL;Board member;no_reliable_match
Stephany Griffithjones;CHL;Board member;no_reliable_match
Stephany Griffithjones;CHL;Vice-president / Deputy-governor;no_reliable_match
Miguel Rist;CHL;President / Governor;no_reliable_match
Roberto Mayanz;CHL;President / Governor;no_reliable_match
Jose Lewis;CHL;Board member;no_reliable_match
Joaquin Ruiztagle;CHL;Board member;no_reliable_match
Joaquin Vial;CHL;Vice-president / Deputy-governor;no_reliable_match
Jose Rebecco;CHL;President / Governor;no_reliable_match
Jose Rebeco;CHL;Board member;no_reliable_match
Mario Cullell;CHL;Board member;no_reliable_match
Rodrigo Urzua;CHL;President / Governor;no_reliable_match
Claudio Gamboa;CHL;Board member;no_reliable_match
Sebastin Claro;CHL;Board member;no_reliable_match
Sebastian Claro;CHL;Vice-president / Deputy-governor;no_reliable_match
Alberto Delloro;CHL;Vice-president / Deputy-governor;no_reliable_match
Arturo Tornero;CHL;President / Governor;no_reliable_match
Eduardo Geisse;CHL;President / Governor;no_reliable_match
Luis Shiell;CHL;President / Governor;no_reliable_match
Alfonso Cuevas;CHL;President / Governor;no_reliable_match
Eduardo Quijada;CHL;President / Governor;no_reliable_match
Pablo Urzua;CHL;President / Governor;no_reliable_match
Sergio Fabres;CHL;President / Governor;no_reliable_match
Francisco Barcelo;CHL;President / Governor;no_reliable_match
Enrique Morel;CHL;President / Governor;no_reliable_match
* Nci;CHL;Board member;no_reliable_match
Ma Delun;CHN;Vice-president / Deputy-governor;no_reliable_match
Liu Tinghuan;CHN;Board member;no_reliable_match
Junbo Xiang;CHN;Vice-president / Deputy-governor;no_reliable_match
Zhang Qingsong;CHN;Vice-president / Deputy-governor;no_reliable_match
Xuan Changneng;CHN;Vice-president / Deputy-governor;no_reliable_match
Zhu Hexin;CHN;Vice-president / Deputy-governor;no_reliable_match
Lu Lei;CHN;Vice-president / Deputy-governor;no_reliable_match
Abdoulaye Fadiga;CIV;President / Governor;no_reliable_match
Abdoulaye Fadig;CIV;President / Governor;no_reliable_match
Philippe Dakourytabley;CIV;President / Governor;no_reliable_match
Philippe Dacourytabley;CIV;President / Governor;no_reliable_match
Philippehenri Dacourytabley;CIV;President / Governor;no_reliable_match
Jean Brou;CIV;President / Governor;no_reliable_match
Jean Compaore;CIV;President / Governor;no_reliable_match
Lansina Bakary;CIV;Board member;no_reliable_match
Kanvaly Diomande;CIV;Board member;no_reliable_match
Robert Julienne;CIV;President / Governor;no_reliable_match
Jean Mamalepot;CMR;President / Governor;no_reliable_match
Yvon Bangui;CMR;President / Governor;no_reliable_match
Christian Joudiou;CMR;President / Governor;no_reliable_match
Philibert Andzembe;CMR;President / Governor;no_reliable_match
Lucas Nchama;CMR;President / Governor;no_reliable_match
Karel Vercruysse;COD;Vice-president / Deputy-governor;no_reliable_match
Jean Anyenga;COD;Vice-president / Deputy-governor;no_reliable_match
Jean Shabani;COD;President / Governor;no_reliable_match
Etienne Kiala;COD;Vice-president / Deputy-governor;no_reliable_match
Charles Nkoso;COD;President / Governor;no_reliable_match
Jules Mondanga;COD;President / Governor;no_reliable_match
Jules Nbagui;COD;President / Governor;no_reliable_match
Omer Mbiye;COD;Vice-president / Deputy-governor;no_reliable_match
Joseph Mushaba;COD;Vice-president / Deputy-governor;no_reliable_match
Joseph Mushasa;COD;President / Governor;no_reliable_match
Casimir Head;COD;Vice-president / Deputy-governor;no_reliable_match
Pierre Syakasighe;COD;President / Governor;no_reliable_match
Godefroid Kabul;COD;Vice-president / Deputy-governor;no_reliable_match
Nestor Diambwana;COD;Vice-president / Deputy-governor;no_reliable_match
Kikata Ngima;COD;Vice-president / Deputy-governor;no_reliable_match
Dieudonne Alimasi;COD;Vice-president / Deputy-governor;no_reliable_match
Jeanmarie Emungu;COD;Vice-president / Deputy-governor;no_reliable_match
Jules Assango;COD;Vice-president / Deputy-governor;no_reliable_match
Malangu Mbuyi;COD;President / Governor;no_reliable_match
Deogratias Nyembo;COD;President / Governor;no_reliable_match
Pambu Pambu;COD;Vice-president / Deputy-governor;no_reliable_match
Andre Nkwaluloki;COD;President / Governor;no_reliable_match
Anderson Samba;COD;Vice-president / Deputy-governor;no_reliable_match
I Asani;COD;Vice-president / Deputy-governor;no_reliable_match
William Pambu;COD;Vice-president / Deputy-governor;no_reliable_match
Jean Shabani;COG;President / Governor;no_reliable_match
Charles Nkosso;COG;President / Governor;no_reliable_match
Jules Mondanga;COG;President / Governor;no_reliable_match
