PName_original;PName;iso3;first;last;iso3Birth;Start_year;End_year;Start_month;End_month;Position;Sex;Birth_year;Education;BA_or_MA;MBA;PhD;CountryBirth;CityBirth;wikipedia_url;Birth_month
H. Mehran;Hassanali Mehran;ABW;hassanali;mehran;ABW;;;;;2;0;;;;;;;;;
Hassanali Mehran;Hassanali Mehran;ABW;hassanali;mehran;ABW;;;;;2;0;;;;;;;;;
Elias Mansur;Elias Mansur;ABW;elias;mansur;ABW;;;;;2;0;;;;;;;;;
A. R. Caram;A Caram;ABW;a;caram;ABW;;;;;2;0;;;;;;;;;
Jeanette R. Semeleer;J Semeleer;ABW;j;semeleer;ABW;;;;;2;1;;;;;;;;;
Jeanette Semeleer;Jeanette Semeleer;ABW;jeanette;semeleer;ABW;;;;;2;1;;;;;;;;;
A. J.T. Williams;A Williams;ABW;a;williams;ABW;;;;;2;0;;;;;;;;;
E. den Dunnen;Emile Dunnen;ABW;emile;dunnen;ABW;;;;;2;0;;;;;;;;;
A. S. Irausquin;Arthur Irausquin;ABW;arthur;irausquin;ABW;;;;;2;0;;;;;;;;;
J-H. du Marchie Sarvaas;J Sarvaas;ABW;j;sarvaas;ABW;;;;;2;0;;;;;;;;;
A. R. Caram;Anthony Caram;ABW;anthony;caram;ABW;;;;;2;0;;;;;;;;;
R. Henriquez;Robertico Henriquez;ABW;robertico;henriquez;ABW;;;;;2;0;;;;;;;;;
Noorullah Delawari;Noorullah Delawari;AFG;noorullah;delawari;AFG;;;;;2;0;;;;;;;;;
Noorullah Delawari;Noorullah Delawari;AFG;noorullah;delawari;AFG;;;;;2;0;;;;;;;;;
Noorullah Delawari;Noorullah Delawari;AFG;noorullah;delawari;AFG;;;;;2;0;;;;;;;;;
Ghulam Mohammad Yalaqi;Ghulam Yalaqi;AFG;ghulam;yalaqi;AFG;;;;;0;0;;;;;;;;;
Mohammad Qasim Hashimzai;Mohammad Hashimzai;AFG;mohammad;hashimzai;AFG;;;;;0;0;;;;;;;;;
Khalil Sediq;Khalil Sediq;AFG;khalil;sediq;AFG;;;;;2;0;;;;;;;;;
Anwar ul-Haq Ahady;Anwar Ahady;AFG;anwar;ahady;AFG;;;;;2;0;;;;;;;;;
Mohammad Qayoumi;Mohammad Qayoumi;AFG;mohammad;qayoumi;AFG;;;;;0;0;;;;;;;;;
Shah Mohammad Mehrabi;Shah Mehrabi;AFG;shah;mehrabi;AFG;;;;;0;0;;;;;;;;;
Abdul Qadeer Fitrat;Abdul Fitrat;AFG;abdul;fitrat;AFG;;;;;2;0;;;;;;;;;
Omar Zakhilwal;Omar Zakhilwal;AFG;omar;zakhilwal;AFG;;;;;0;0;;;;;;;;;
Katrin Fakiri;Katrin Fakiri;AFG;katrin;fakiri;AFG;;;;;0;0;;;;;;;;;
Hidayatullah Badri;Hidayatullah Badri;AFG;hidayatullah;badri;AFG;;;;;2;0;;;;;;;;;
Noor Ahmad Agha;Noor Agha;AFG;noor;agha;AFG;;;;;2;0;;;;;;;;;
Mohibullah Safi;Mohibullah Safi;AFG;mohibullah;safi;AFG;;;;;1;0;;;;;;;;;
Ajmal Ahmady;Ajmal Ahmady;AFG;ajmal;ahmady;AFG;;;;;2;0;;;;;;;;;
Nargis Nehan;Nargis Nehan;AFG;nargis;nehan;AFG;;;;;0;1;;;;;;;;;
Wahidullah Nosher;Wahidullah Nosher;AFG;wahidullah;nosher;AFG;;;;;2;0;;;;;;;;;
Habibullah Malie Achekzai;Habibullah Achekzai;AFG;habibullah;achekzai;AFG;;;;;2;0;;;;;;;;;
Abdul Hay Azizi;Abdul Azizi;AFG;abdul;azizi;AFG;;;;;2;0;;;;;;;;;
Mohammad Hakim Khan;Mohammad Khan;AFG;mohammad;khan;AFG;;;;;2;0;;;;;;;;;
Ghulam Hussain Jujeni;Ghulam Jujeni;AFG;ghulam;jujeni;AFG;;;;;2;0;;;;;;;;;
Mehrabuddin Paktiawal;Mehrabuddin Paktiawal;AFG;mehrabuddin;paktiawal;AFG;;;;;2;0;;;;;;;;;
Abdul Basir Ranjbar;Abdul Ranjbar;AFG;abdul;ranjbar;AFG;;;;;2;0;;;;;;;;;
Mohammad Kabir;Mohammad Kabir;AFG;mohammad;kabir;AFG;;;;;2;0;;;;;;;;;
Khalilullah Sediq;Khalil Sediq;AFG;khalil;sediq;AFG;;;;;2;0;;;;;;;;;
Abdul Wahab Asefi;Abdul Asefi;AFG;abdul;asefi;AFG;;;;;2;0;;;;;;;;;
Najibullah Sahu;Najibullah Sahu;AFG;najibullah;sahu;AFG;;;;;2;0;;;;;;;;;
Mohammad Hakim Khan;Mohammad Khan;AFG;mohammad;khan;AFG;;;;;2;0;;;;;;;;;
Ehsanullah Ehsan;Ehsanullah Ehsan;AFG;ehsanullah;ehsan;AFG;;;;;2;0;;;;;;;;;
Abdul Samad Sani;Abdul Sani;AFG;abdul;sani;AFG;;;;;2;0;;;;;;;;;
Mohammad Ahmadi;Mohammad Ahmadi;AFG;mohammad;ahmadi;AFG;;;;;2;0;;;;;;;;;
Noorullah Delwari;Noorullah Delwari;AFG;noorullah;delwari;AFG;;;;;2;0;;;;;;;;;
Samiullah Ibrahimi;Samiullah Ibrahimi;AFG;samiullah;ibrahimi;AFG;;;;;1;0;;;;;;;;;
Abdul Ghani Ghawasi;Abdul Ghawasi;AFG;abdul;ghawasi;AFG;;;;;0;0;;;;;;;;;
Noorullah Delwari;Noorullah Delwari;AFG;noorullah;delwari;AFG;;;;;2;0;;;;;;;;;
Khan Afzal Hadawal;Khan Hadawal;AFG;khan;hadawal;AFG;;;;;2;0;;;;;;;;;
Khan Afzal Hadawal;Khan Hadawal;AFG;khan;hadawal;AFG;;;;;2;0;;;;;;;;;
Mohammad Osmani;Mohammad Osmani;AFG;mohammad;osmani;AFG;;;;;0;0;;;;;;;;;
Shakir Jalali;Shakir Jalali;AFG;shakir;jalali;AFG;;;;;2;0;;;;;;;;;
Gaspar Martins;Gaspar Martins;AGO;gaspar;martins;AGO;;;;;2;0;;;;;;;;;
Aguinaldo Jaime;Aguinaldo Jaime;AGO;aguinaldo;jaime;AGO;;;;;2;0;;;;;;;;;
José Pedro de Morais Júnior;Jose Morais;AGO;jose;morais;AGO;;;;;2;0;;;;;;;;;
Gualberto Lima Campos;Gualberto Campos;AGO;gualberto;campos;AGO;;;;;1;0;;;;;;;;;
Manuel Piedad dos Santos Junior;Manuel Junior;AGO;manuel;junior;AGO;;;;;0;0;;;;;;;;;
Jose Lima Massano;Jose Massano;AGO;jose;massano;AGO;;;;;2;0;;;;;;;;;
Ricardo Abreu;Ricardo Abreu;AGO;ricardo;abreu;AGO;;;;;1;0;;;;;;;;;
Manuel António Tiago Dias;Manuel Dias;AGO;manuel;dias;AGO;;;;;1;0;;;;;;;;;
Manuel António Tiago Dias;Manuel Dias;AGO;manuel;dias;AGO;;;;;0;0;;;;;;;;;
Ricardo Daniel Queirós SandàoViegas D’Abreu;Ricardo Dabreu;AGO;ricardo;dabreu;AGO;;;;;1;0;;;;;;;;;
José de Lima Massano;Jose Massano;AGO;jose;massano;AGO;;;;;2;0;;;;;;;;;
Valter Filipe Duarte da Silva;Valter Silva;AGO;valter;silva;AGO;;;;;2;0;;;;;;;;;
José F. Leitao de Carvalho;Jose Carvalho;AGO;jose;carvalho;AGO;;;;;2;0;;;;;;;;;
Augusto Teixeira de Matos;Augusto Matos;AGO;augusto;matos;AGO;;;;;2;0;;;;;;;;;
António Inácio;Antonio Inacio;AGO;antonio;inacio;AGO;;;;;2;0;;;;;;;;;
Pedro Cunha Neto;Pedro Neto;AGO;pedro;neto;AGO;;;;;2;0;;;;;;;;;
Sebastião Bastos Lavrador;Sebastiao Lavrador;AGO;sebastiao;lavrador;AGO;;;;;2;0;;;;;;;;;
Generoso Hermenegildo de Almeida;Generoso Almeida;AGO;generoso;almeida;AGO;;;;;2;0;;;;;;;;;
António Gomes Furtado;Antonio Furtado;AGO;antonio;furtado;AGO;;;;;2;0;;;;;;;;;
Sebastião Bastos Lavrador;Sebastiao Lavrador;AGO;sebastiao;lavrador;AGO;;;;;2;0;;;;;;;;;
Celestino Eliseu Kanda;Celestino Kanda;AGO;celestino;kanda;AGO;;;;;2;0;;;;;;;;;
Marinela Amaral;Marinela Amaral;AGO;marinela;amaral;AGO;;;;;0;1;;;;;;;;;
Amadeu de Jesus Castelhano Maurício;Amadeu Mauricio;AGO;amadeu;mauricio;AGO;;;;;1;0;;;;;;;;;
Rui Miguen de Oliveira;Rui Oliveira;AGO;rui;oliveira;AGO;;;;;0;0;;;;;;;;;
Abrahão Pio dos Santos Gourgel;Abrahao Gourgel;AGO;abrahao;gourgel;AGO;;;;;2;0;;;;;;;;;
Walter Silva;Walter Silva;AGO;walter;silva;AGO;;;;;0;0;;;;;;;;;
Suzana Monteiro;Suzana Monteiro;AGO;suzana;monteiro;AGO;;;;;0;1;;;;;;;;;
Kostandin Boshnjaku;Kostandin Boshnjaku;ALB;kostandin;boshnjaku;ALB;;;;;2;0;;;;;;;;;
Spiro Bakalli;Spiro Bakalli;ALB;spiro;bakalli;ALB;;;;;2;0;;;;;;;;;
Abdyl Këllezi;Abdyl Kellezi;ALB;abdyl;kellezi;ALB;;;;;2;0;;;;;;;;;
Qirjako Mihali;Qirjako Mihali;ALB;qirjako;mihali;ALB;;;;;2;0;;;;;;;;;
Kostaq Postoli;Kostaq Postoli;ALB;kostaq;postoli;ALB;;;;;2;0;;;;;;;;;
Andrea Nako;Andrea Nako;ALB;andrea;nako;ALB;;;;;2;0;;;;;;;;;
Niko Gjyzari;Niko Gjyzari;ALB;niko;gjyzari;ALB;;;;;2;0;;;;;;;;;
Dylber Vrioni;Dylber Vrioni;ALB;dylber;vrioni;ALB;;;;;2;0;;;;;;;;;
Ksenofon Krisafi;Ksenofon Krisafi;ALB;ksenofon;krisafi;ALB;;;;;0;0;;;;;;;;;
Sulo Hadëri;Sulo Haderi;ALB;sulo;haderi;ALB;;;;;0;0;;;;;;;;;
Ardian Fullani;Ardian Fullani;ALB;ardian;fullani;ALB;;;;;2;0;;;;;;;;;
Shkëlqim Cani;Shklqim Cani;ALB;shklqim;cani;ALB;;;;;2;0;;;;;;;;;
Anastas Angjeli;Anastas Angjeli;ALB;anastas;angjeli;ALB;;;;;0;0;;;;;;;;;
Ilir Hoti;Ilir Hoti;ALB;ilir;hoti;ALB;;;;;2;0;;;;;;;;;
Ermelinda Meksi;Ermelinda Meksi;ALB;ermelinda;meksi;ALB;;;;;0;1;;;;;;;;;
Tonin Kola;Tonin Kola;ALB;tonin;kola;ALB;;;;;0;0;;;;;;;;;
Fatos Ibrahimi;Fatos Ibrahimi;ALB;fatos;ibrahimi;ALB;;;;;1;0;;;;;;;;;
Petraq Milo;Petraq Milo;ALB;petraq;milo;ALB;;;;;0;0;;;;;;;;;
Luljeta Minxhozi;Luljeta Minxhozi;ALB;luljeta;minxhozi;ALB;;;;;1;1;;;;;;;;;
Drini Salko;Drini Salko;ALB;drini;salko;ALB;;;;;0;0;;;;;;;;;
Tonin Kola;Tonin Kola;ALB;tonin;kola;ALB;;;;;0;0;;;;;;;;;
Bajram Muça;Bajram Muca;ALB;bajram;muca;ALB;;;;;0;0;;;;;;;;;
Arjan Kadareja;Arjan Kadareja;ALB;arjan;kadareja;ALB;;;;;0;0;;;;;;;;;
Arben Malaj;Arben Malaj;ALB;arben;malaj;ALB;;;;;0;0;;;;;;;;;
Kristaq Luniku;Kristaq Luniku;ALB;kristaq;luniku;ALB;;;;;2;0;;;;;;;;;
Benet Beci;Benet Beci;ALB;benet;beci;ALB;;;;;2;0;;;;;;;;;
Gent Sejko;Gent Sejko;ALB;gent;sejko;ALB;;;;;2;0;;;;;;;;;
Elisabeta Gjoni;Elisabeta Gjoni;ALB;elisabeta;gjoni;ALB;;;;;1;1;;;;;;;;;
Natasha Ahmetaj;Natasha Ahmetaj;ALB;natasha;ahmetaj;ALB;;;;;0;1;;;;;;;;;
Andis Harasani;Andis Harasani;ALB;andis;harasani;ALB;;;;;0;0;;;;;;;;;
Luljeta Minxhozi;Luljeta Minxhozi;ALB;luljeta;minxhozi;ALB;;;;;1;1;;;;;;;;;
Zeqir Lika;Zeqir Lika;ALB;zeqir;lika;ALB;;;;;2;0;;;;;;;;;
Llazar Gjika;Llazar Gjika;ALB;llazar;gjika;ALB;;;;;2;0;;;;;;;;;
Kamber Myftari;Kamber Myftari;ALB;kamber;myftari;ALB;;;;;2;0;;;;;;;;;
Qamil Tusha;Qamil Tusha;ALB;qamil;tusha;ALB;;;;;2;0;;;;;;;;;
Dhame Pite;Dhame Pite;ALB;dhame;pite;ALB;;;;;0;0;;;;;;;;;
Llazi Balliu;Llazi Balliu;ALB;llazi;balliu;ALB;;;;;0;0;;;;;;;;;
Tefta Çuçi;Tefta Cuci;ALB;tefta;cuci;ALB;;;;;0;1;;;;;;;;;
Limos Malaj;Limos Malaj;ALB;limos;malaj;ALB;;;;;0;0;;;;;;;;;
Halit Xhafa;Halit Xhafa;ALB;halit;xhafa;ALB;;;;;0;0;;;;;;;;;
Ela Golemi;Ela Golemi;ALB;ela;golemi;ALB;;;;;0;1;;;;;;;;;
Elisabeta Gjoni;Elisabeta Gjoni;ALB;elisabeta;gjoni;ALB;;;;;2;1;;;;;;;;;
Denada Prifti;Denada Prifti;ALB;denada;prifti;ALB;;;;;0;1;;;;;;;;;
E.D. Tromp;Emsley Tromp;ANT;emsley;tromp;ANT;;;;;2;0;;;;;;;;;
J.G.J. van Delden;Antoine Delden;ANT;antoine;delden;ANT;;;;;2;0;;;;;;;;;
P.C. Timmermans;Henri Timmermans;ANT;henri;timmermans;ANT;;;;;2;0;;;;;;;;;
V.A. Servage;Hans Servage;ANT;hans;servage;ANT;;;;;2;0;;;;;;;;;
L. Wong;Frank Wong;ANT;frank;wong;ANT;;;;;2;0;;;;;;;;;
Alberto Romero;Jose Romero;ANT;jose;romero;ANT;;;;;2;0;;;;;;;;;
Juma Al Majid;Juma Majid;ARE;juma;majid;ARE;;;;;0;0;;;;;;;;;
Khalil Mohammed Sharif Foulathi;Khalil Foulathi;ARE;khalil;foulathi;ARE;;;;;0;0;;;;;;;;;
Sultan Alsuwaidi;Sultan Alsuwaidi;ARE;sultan;alsuwaidi;UAE;;;;;2;0;;;;;;;;;
Abdulhamid Saeed Alahmadi;Abdulhamid Alahmadi;ARE;abdulhamid;alahmadi;ARE;;;;;2;0;;;;;;;;;
Khaled Mohammed Salem Balama Al Tameemi;Khaled Tameemi;ARE;khaled;tameemi;ARE;;;;;2;0;;;;;;;;;
Mubarak Rashed Al Mansoori;Mubarak Mansoori;ARE;mubarak;mansoori;ARE;;;;;2;0;;;;;;;;;
Omar Mohammed Ahmed Bin Sulaiman;Omar Sulaiman;ARE;omar;sulaiman;ARE;;;;;1;0;;;;;;;;;
Khalid Ahmed Altayer;Khalid Altayer;ARE;khalid;altayer;ARE;;;;;0;0;;;;;;;;;
Hamad Buamim;Hamad Buamim;ARE;hamad;buamim;ARE;;;;;0;0;;;;;;;;;
Ronald Scott;Ronald Scott;ARE;ronald;scott;ARE;;;;;2;0;;;;;;;;;
Abdelmalik al-Hamar;Abdelmalik Alhamar;ARE;abdelmalik;alhamar;ARE;;;;;2;0;;;;;;;;;
Abdelmalik al-Hamar;Abdelmalik Alhamar;ARE;abdelmalik;alhamar;ARE;;;;;2;0;;;;;;;;;
Sultan Bin Nasser Al-Suwaidi;Bin Alsuwaidi;ARE;bin;alsuwaidi;ARE;;;;;2;0;;;;;;;;;
Khalifa Nasser Bin Huwaileel;Khalifa Huwaileel;ARE;khalifa;huwaileel;ARE;;;;;0;0;;;;;;;;;
Saeed Rashid Alyateem Almuhairy;Saeed Almuhairy;ARE;saeed;almuhairy;ARE;;;;;0;0;;;;;;;;;
Younis Haji  Khoori;Younis Khoori;ARE;younis;khoori;ARE;;;;;0;0;;;;;;;;;
Edelmiro Farrell;Edelmiro Farrell;ARG;edelmiro;farrell;ARG;;;;;2;0;;;;;;;;;
Juan Peron;Juan Peron;ARG;juan;peron;ARG;;;;;2;0;;;;;;;;;
Juan Peron;Juan Peron;ARG;juan;peron;ARG;;;;;2;0;;;;;;;;;
Juan Peron;Juan Peron;ARG;juan;peron;ARG;;;;;2;0;;;;;;;;;
Juan Peron;Juan Peron;ARG;juan;peron;ARG;;;;;2;0;;;;;;;;;
Eduardo Longardi;Eduardo Longardi;ARG;eduardo;longardi;ARG;;;;;2;0;;;;;;;;;
Arturo Ilia;Arturo Ilia;ARG;arturo;ilia;ARG;;;;;2;0;;;;;;;;;
Pedro Eugenio Aramburu;Pedro Aramburu;ARG;pedro;aramburu;ARG;;;;;2;0;;;;;;;;;
Alfredo Gomez Morales;Alfredo Morales;ARG;alfredo;morales;ARG;;;;;2;0;;;;;;;;;
Arthur Frondizi;Arthur Frondizi;ARG;arthur;frondizi;ARG;;;;;2;0;;;;;;;;;
Hector Campora;Hector Campora;ARG;hector;campora;ARG;;;;;2;0;;;;;;;;;
Jose Maria Guido;Jose Guido;ARG;jose;guido;ARG;;;;;2;0;;;;;;;;;
Jorge Bermudez Emparanza;Jorge Emparanza;ARG;jorge;emparanza;ARG;;;;;2;0;;;;;;;;;
Juan Carlos Ongania;Juan Ongania;ARG;juan;ongania;ARG;;;;;2;0;;;;;;;;;
Mondelli;* Mondelli;ARG;*;mondelli;ARG;;;;;2;0;;;;;;;;;
Gonzalez del Solar;Gonzalez Solar;ARG;gonzalez;solar;ARG;;;;;2;0;;;;;;;;;
Garcia Vazquez;Garcia Vazquez;ARG;garcia;vazquez;ARG;;;;;2;0;;;;;;;;;
Ricardo Gruneisen;Ricardo Gruneisen;ARG;ricardo;gruneisen;ARG;;;;;2;0;;;;;;;;;
Alejandro Lanusse;Alejandro Lanusse;ARG;alejandro;lanusse;ARG;;;;;2;0;;;;;;;;;
Roberto M. Levingston;Roberto Levingston;ARG;roberto;levingston;ARG;;;;;2;0;;;;;;;;;
Ricardo A. Cairoli;Ricardo Cairoli;ARG;ricardo;cairoli;ARG;;;;;2;0;;;;;;;;;
Ianella;* Ianella;ARG;*;ianella;ARG;;;;;2;0;;;;;;;;;
Jorge Videla;Jorge Videla;ARG;jorge;videla;ARG;;;;;2;0;;;;;;;;;
Leopoldo Galtieri;Leopoldo Galtieri;ARG;leopoldo;galtieri;ARG;;;;;2;0;;;;;;;;;
Raul Alfonsin;Raul Alfonsin;ARG;raul;alfonsin;ARG;;;;;2;0;;;;;;;;;
Zalduendo;* Zalduendo;ARG;*;zalduendo;ARG;;;;;2;0;;;;;;;;;
Reynaldo Bignone;Reynaldo Bignone;ARG;reynaldo;bignone;ARG;;;;;2;0;;;;;;;;;
Hernán n Aldabe;Hernan Aldabe;ARG;hernan;aldabe;ARG;;;;;2;0;;;;;;;;;
Carlos Menem;Carlos Menem;ARG;carlos;menem;ARG;;;;;2;0;;;;;;;;;
Isabel Peron;Isabel Peron;ARG;isabel;peron;ARG;;;;;2;0;;;;;;;;;
Diz;Adolfo Diz;ARG;adolfo;diz;ARG;;;;;2;0;;;;;;;;;
Maccarone;Roque Maccarone;ARG;roque;maccarone;ARG;;;;;2;0;;;;;;;;;
Rossi;* Rossi;ARG;*;rossi;ARG;;;;;2;0;;;;;;;;;
Gonzalez;Antonio Gonzalez;ARG;antonio;gonzalez;ARG;;;;;2;0;;;;;;;;;
Folcini;Enrique Folcini;ARG;enrique;folcini;ARG;;;;;2;0;;;;;;;;;
Fernando de la Rúa;Fernando Rua;ARG;fernando;rua;ARG;;;;;2;0;;;;;;;;;
eduardo duhalde;Eduardo Duhalde;ARG;eduardo;duhalde;ARG;;;;;2;0;;;;;;;;;
Pedro Pou;Pedro Pou;ARG;pedro;pou;ARG;;;;;2;0;;;;;;;;;
Pedro Pou;Pedro Pou;ARG;pedro;pou;ARG;;;;;2;0;;;;;;;;;
Cavallo;* Cavallo;ARG;*;cavallo;ARG;;;;;2;0;;;;;;;;;
Machinea;* Machinea;ARG;*;machinea;ARG;;;;;2;0;;;;;;;;;
Fernandez;Roque Fernandez;ARG;roque;fernandez;ARG;;;;;2;0;;;;;;;;;
Gonzalez Fraga;Javier Fraga;ARG;javier;fraga;ARG;;;;;2;0;;;;;;;;;
Gonzalez Fraga;Javier Fraga;ARG;javier;fraga;ARG;;;;;2;0;;;;;;;;;
Mario Blejer;Mario Blejer;ARG;mario;blejer;ARG;;;;;2;0;;;;;;;;;
Mario Blejer;Mario Blejer;ARG;mario;blejer;ARG;;;;;2;0;;;;;;;;;
Juan Carlos Fabrega;Juan Fabrega;ARG;juan;fabrega;ARG;;;;;2;0;;;;;;;;;
Aldo Pignanelli;Aldo Pignanelli;ARG;aldo;pignanelli;ARG;;;;;2;0;;;;;;;;;
Nestor Kirchner;Nestor Kirchner;ARG;nestor;kirchner;ARG;;;;;2;0;;;;;;;;;
Cristina Fernandez de Kirchner;Cristina Kirchner;ARG;cristina;kirchner;ARG;;;;;2;1;;;;;;;;;
Mercedes Marcó del Pont;Mercedes Pont;ARG;mercedes;pont;ARG;;;;;0;1;;;;;;;;;
Alberto Fernández;Alberto Fernandez;ARG;alberto;fernandez;ARG;;;;;1;0;;;;;;;;;
Mauricio Macri;Mauricio Macri;ARG;mauricio;macri;ARG;;;;;2;0;;;;;;;;;
Martin Redrado;Martin Redrado;ARG;martin;redrado;ARG;;;;;0;0;;;;;;;;;
Alejandro Vanoli;Alejandro Vanoli;ARG;alejandro;vanoli;ARG;;;;;2;0;;;;;;;;;
Miguel Ángel Pesce;Miguel Pesce;ARG;miguel;pesce;ARG;;;;;0;0;;;;;;;;;
Alfonso Prat-Gay;Alfonso Pratgay;ARG;alfonso;pratgay;ARG;;;;;2;0;;;;;;;;;
Luis Caputo;Luis Caputo;ARG;luis;caputo;ARG;;;;;2;0;;;;;;;;;
Federico Sturzenegger;Federico Sturzenegger;ARG;federico;sturzenegger;ARG;;;;;2;0;;;;;;;;;
Demian Reidel;Demian Reidel;ARG;demian;reidel;ARG;;;;;1;0;;;;;;;;;
Guido Sandleris;Guido Sandleris;ARG;guido;sandleris;ARG;;;;;2;0;;;;;;;;;
Lucas Llach;Lucas Llach;ARG;lucas;llach;ARG;;;;;1;0;;;;;;;;;
Santiago Bausili;Santiago Bausili;ARG;santiago;bausili;ARG;;;;;2;0;;;;;;;;;
Egidio Iannella;Egidio Iannella;ARG;egidio;iannella;ARG;;;;;0;0;;;;;;;;;
Carlos Bringnone;Carlos Bringnone;ARG;carlos;bringnone;ARG;;;;;2;0;;;;;;;;;
Cassino;Alfredo Cassino;ARG;alfredo;cassino;ARG;;;;;2;0;;;;;;;;;
Gomez;* Gomez;ARG;*;gomez;ARG;;;;;2;0;;;;;;;;;
Conception;* Conception;ARG;*;conception;ARG;;;;;2;0;;;;;;;;;
Grigor Jaghetyan;Grigor Jaghetyan;ARM;grigor;jaghetyan;ARM;;;;;2;0;;;;;;;;;
Andrey Papovyan;Andrey Papovyan;ARM;andrey;papovyan;ARM;;;;;2;0;;;;;;;;;
Isahak Isahakyan;Isahak Isahakyan;ARM;isahak;isahakyan;ARM;;;;;2;0;;;;;;;;;
Ashot Avetisyan;Ashot Avetisyan;ARM;ashot;avetisyan;ARM;;;;;0;0;;;;;;;;;
Bagrat Asatryan;Bagrat Asatryan;ARM;bagrat;asatryan;ARM;;;;;2;0;;;;;;;;;
Armenak Darbinyan;Armenak Darbinyan;ARM;armenak;darbinyan;ARM;;;;;0;0;;;;;;;;;
Grigor Ghonjeyan;Grigor Ghonjeyan;ARM;grigor;ghonjeyan;ARM;;;;;0;0;;;;;;;;;
Tigran Sargsyan;Tigran Sargsyan;ARM;tigran;sargsyan;ARM;;;;;2;0;;;;;;;;;
Andranik Norekyan;Andranik Norekyan;ARM;andranik;norekyan;ARM;;;;;2;0;;;;;;;;;
Arthur Javadyan;Arthur Javadyan;ARM;arthur;javadyan;ARM;;;;;0;0;;;;;;;;;
Arthur Javadyan;Arthur Javadyan;ARM;arthur;javadyan;ARM;;;;;2;0;;;;;;;;;
Karine Minasyan;Karine Minasyan;ARM;karine;minasyan;ARM;;;;;2;1;;;;;;;;;
Vache Gabrielyan;Vache Gabrielyan;ARM;vache;gabrielyan;ARM;;;;;0;0;;;;;;;;;
Vache Gabrielyan;Vache Gabrielyan;ARM;vache;gabrielyan;ARM;;;;;1;0;;;;;;;;;
Nerses Yeritsyan;Nerses Yeritsyan;ARM;nerses;yeritsyan;ARM;;;;;1;0;;;;;;;;;
Arkadi Khachatryan;Arkadi Khachatryan;ARM;arkadi;khachatryan;ARM;;;;;0;0;;;;;;;;;
Martin Galstyan;Martin Galstyan;ARM;martin;galstyan;ARM;;;;;2;0;;;;;;;;;
Armen Nurbekyan;Armen Nurbekyan;ARM;armen;nurbekyan;ARM;;;;;1;0;;;;;;;;;
Grigory Smirnov;Grigory Smirnov;ARM;grigory;smirnov;ARM;;;;;2;0;;;;;;;;;
Anton Krizhijanovsky;Anton Krizhijanovsky;ARM;anton;krizhijanovsky;ARM;;;;;2;0;;;;;;;;;
Nikolai Sannikov;Nikolai Sannikov;ARM;nikolai;sannikov;ARM;;;;;2;0;;;;;;;;;
Constantine Sibani;Constantine Sibani;ARM;constantine;sibani;ARM;;;;;2;0;;;;;;;;;
Vladislav Moravski;Vladislav Moravski;ARM;vladislav;moravski;ARM;;;;;2;0;;;;;;;;;
Martin Sahakyan;Martin Sahakyan;ARM;martin;sahakyan;ARM;;;;;2;0;;;;;;;;;
Garsan Varshamyan;Garsan Varshamyan;ARM;garsan;varshamyan;ARM;;;;;2;0;;;;;;;;;
Hovhannes Davtyan;Hovhannes Davtyan;ARM;hovhannes;davtyan;ARM;;;;;2;0;;;;;;;;;
Vardan Mamikonyan;Vardan Mamikonyan;ARM;vardan;mamikonyan;ARM;;;;;2;0;;;;;;;;;
Arkady Minasyan;Arkady Minasyan;ARM;arkady;minasyan;ARM;;;;;2;0;;;;;;;;;
Sergey Baturi;Sergey Baturi;ARM;sergey;baturi;ARM;;;;;2;0;;;;;;;;;
Riza Velibekov;Riza Velibekov;ARM;riza;velibekov;ARM;;;;;2;0;;;;;;;;;
Tigran Sargsyan;Artashes Sargsyan;ARM;artashes;sargsyan;ARM;;;;;2;0;;;;;;;;;
Stepan Safaryan;Stepan Safaryan;ARM;stepan;safaryan;ARM;;;;;2;0;;;;;;;;;
Vladimir Aghasyan;Vladimir Aghasyan;ARM;vladimir;aghasyan;ARM;;;;;2;0;;;;;;;;;
Ruben L. Valesyan;Ruben Valesyan;ARM;ruben;valesyan;ARM;;;;;0;0;;;;;;;;;
Vardan Movsesyan;Vardan Movsesyan;ARM;vardan;movsesyan;ARM;;;;;0;0;;;;;;;;;
Amalya Saribekyan;Amalya Saribekyan;ARM;amalya;saribekyan;ARM;;;;;0;1;;;;;;;;;
Vakhtang Abrahamyan;Vakhtang Abrahamyan;ARM;vakhtang;abrahamyan;ARM;;;;;0;0;;;;;;;;;
Oleg Aghasyan;Oleg Aghasyan;ARM;oleg;aghasyan;ARM;;;;;0;0;;;;;;;;;
Arthur Stepanyan;Arthur Stepanyan;ARM;arthur;stepanyan;ARM;;;;;0;0;;;;;;;;;
Herbert Coombs;Herbert Coombs;AUS;herbert;coombs;AUS;;;;;2;0;;;;;;;;;
JG Phillips;John Phillips;AUS;john;phillips;AUS;;;;;2;0;;;;;;;;;
HM Knight;Harold Knight;AUS;harold;knight;AUS;;;;;2;0;;;;;;;;;
RA Johnston;Bob Johnston;AUS;bob;johnston;AUS;;;;;2;0;;;;;;;;;
JG Phillips;Mervyn Phillips;AUS;mervyn;phillips;AUS;;;;;1;0;;;;;;;;;
Frank Lowy;Frank Lowy;AUS;frank;lowy;AUS;;;;;0;0;;;;;;;;;
Alan Jackson;Alan Jackson;AUS;alan;jackson;AUS;;;;;0;0;;;;;;;;;
Hugh Morgan;Hugh Morgan;AUS;hugh;morgan;AUS;;;;;0;0;;;;;;;;;
Graham Kraehe;Graham Kraehe;AUS;graham;kraehe;AUS;;;;;2;0;;;;;;;;;
BW Fraser;Bernie Fraser;AUS;bernie;fraser;AUS;;;;;2;0;;;;;;;;;
Richard Warburton;Richard Warburton;AUS;richard;warburton;AUS;;;;;0;0;;;;;;;;;
Roger Corbett;Roger Corbett;AUS;roger;corbett;AUS;;;;;0;0;;;;;;;;;
Robert Gerard;Robert Gerard;AUS;robert;gerard;AUS;;;;;0;0;;;;;;;;;
IJ Macfarlane;Stephen Grenville;AUS;stephen;grenville;AUS;;;;;1;0;;;;;;;;;
Jillian Broadbent;Jillian Broadbent;AUS;jillian;broadbent;AUS;;;;;2;1;;;;;;;;;
John Akehurst;John Akehurst;AUS;john;akehurst;AUS;;;;;0;0;;;;;;;;;
John Edwards;John Edwards;AUS;john;edwards;AUS;;;;;0;0;;;;;;;;;
Allan Moss;Allan Moss;AUS;allan;moss;AUS;;;;;0;0;;;;;;;;;
Donald McGauchie;Donald Mcgauchie;AUS;donald;mcgauchie;AUS;;;;;2;0;;;;;;;;;
Ric Battellino;Ric Battellino;AUS;ric;battellino;AUS;;;;;2;0;;;;;;;;;
Heather Ridout;Heather Ridout;AUS;heather;ridout;AUS;;;;;0;1;;;;;;;;;
Carol Louise Schwartz AO;Carol Ao;AUS;carol;ao;AUS;;;;;0;1;;;;;;;;;
Carolyn Hewson;Carolyn Hewson;AUS;carolyn;hewson;AUS;;;;;0;1;;;;;;;;;
David Clarke;David Clarke;AUS;david;clarke;AUS;;;;;0;0;;;;;;;;;
Warwick McKibbin;Warwick Mckibbin;AUS;warwick;mckibbin;AUS;;;;;2;0;;;;;;;;;
Ian Harper;Ian Harper;AUS;ian;harper;AUS;;;;;0;0;;;;;;;;;
Glenn Stevens;Glenn Stevens;AUS;glenn;stevens;AUS;;;;;2;0;;;;;;;;;
Iain Ross;Iain Ross;AUS;iain;ross;AUS;;;;;0;0;;;;;;;;;
Warwick Hunt;Warwick Hunt;AUS;warwick;hunt;AUS;;;;;0;0;;;;;;;;;
Catherine Tanna;Catherine Tanna;AUS;catherine;tanna;AUS;;;;;0;1;;;;;;;;;
Elana Rubin;Elana Rubin;AUS;elana;rubin;AUS;;;;;0;1;;;;;;;;;
Kathryn Fagg;Kathryn Fagg;AUS;kathryn;fagg;AUS;;;;;0;1;;;;;;;;;
Philip Lowe;Philip Lowe;AUS;philip;lowe;AUS;;;;;2;0;;;;;;;;;
Alison Watkins;Alison Watkins;AUS;alison;watkins;AUS;;;;;0;1;;;;;;;;;
Michele Bullock;Michele Bullock;AUS;michele;bullock;AUS;;;;;1;1;;;;;;;;;
Michele Bullock;Michele Bullock;AUS;michele;bullock;AUS;;;;;2;1;;;;;;;;;
Brad Banducci;Brad Banducci;AUS;brad;banducci;AUS;;;;;0;0;;;;;;;;;
Guy Debelle;Guy Debelle;AUS;guy;debelle;AUS;;;;;1;0;;;;;;;;;
Guy Debelle;Guy Debelle;AUS;guy;debelle;AUS;;;;;1;0;;;;;;;;;
Andrew Hauser;Andrew Hauser;AUS;andrew;hauser;AUS;;;;;1;0;;;;;;;;;
Andrew Charlton;Andrew Charlton;AUS;andrew;charlton;AUS;;;;;0;0;;;;;;;;;
A.P. Payan;A Payan;AUS;a;payan;AUS;;;;;0;0;;;;;;;;;
Bruce Preston;Bruce Preston;AUS;bruce;preston;AUS;;;;;0;0;;;;;;;;;
Richard Reisch;Richard Reisch;AUT;richard;reisch;AUT;;;;;2;0;;;;;;;;;
Viktor Kienböck;Viktor Kienbock;AUT;viktor;kienbock;AUT;;;;;2;0;;;;;;;;;
Hans Rizzi;Hans Rizzi;AUT;hans;rizzi;AUT;;;;;2;0;;;;;;;;;
Eugen Margarétha;Eugen Margaretha;AUT;eugen;margaretha;AUT;;;;;2;0;;;;;;;;;
Eugen Kaniak;Eugen Kaniak;AUT;eugen;kaniak;AUT;;;;;2;0;;;;;;;;;
Dr. Hans Kloss;Hans Kloss;AUT;hans;kloss;AUT;;;;;2;0;;;;;;;;;
Reinhard Kamitz;Reinhard Kamitz;AUT;reinhard;kamitz;AUT;;;;;2;0;;;;;;;;;
Dr. Wolfgang Schmitz;Wolfgang Schmitz;AUT;wolfgang;schmitz;AUT;;;;;2;0;;;;;;;;;
Dr. Helmuth Klauhs;Hellmuth Klauhs;AUT;hellmuth;klauhs;AUT;;;;;2;0;;;;;;;;;
Dr. Maria Schaumayer;Maria Schaumayer;AUT;maria;schaumayer;AUT;;;;;2;1;;;;;;;;;
Adolf Wala;Adolf Wala;AUT;adolf;wala;AUT;;;;;2;0;;;;;;;;;
Adolf Wala;Adolf Wala;AUT;adolf;wala;AUT;;;;;2;0;;;;;;;;;
Herbert Schimetschek;Herbert Schimetschek;AUT;herbert;schimetschek;AUT;;;;;2;0;;;;;;;;;
Dr. Klaus Liebscher;Klaus Liebscher;AUT;klaus;liebscher;AUT;;;;;2;0;;;;;;;;;
Claus Raidl;Claus Raidl;AUT;claus;raidl;AUT;;;;;2;0;;;;;;;;;
Ewald Nowotny;Ewald Nowotny;AUT;ewald;nowotny;AUT;;;;;2;0;;;;;;;;;
Robert Holzmann;Robert Holzmann;AUT;robert;holzmann;AUT;;;;;2;0;;;;;;;;;
Gertrude Tumpel-Gugerell;Gertrude Tumpelgugerell;AUT;gertrude;tumpelgugerell;AUT;;;;;1;1;;;;;;;;;
Gertrude Tumpel-Gugerell;Gertrude Tumpelgugerell;AUT;gertrude;tumpelgugerell;AUT;;;;;0;1;;;;;;;;;
Johannes Hahn;Johannes Hahn;AUT;johannes;hahn;AUT;;;;;0;0;;;;;;;;;
Ingrid Reischl;Ingrid Reischl;AUT;ingrid;reischl;AUT;;;;;0;1;;;;;;;;;
Gottfried Haber;Gottfried Haber;AUT;gottfried;haber;AUT;;;;;1;0;;;;;;;;;
Harald Mahrer;Harald Mahrer;AUT;harald;mahrer;AUT;;;;;0;0;;;;;;;;;
Martin Kocher;Martin Kocher;AUT;martin;kocher;AUT;;;;;2;0;;;;;;;;;
Bettina Dorfer‑Pauschenwein;Bettina Dorferpauschenwein;AUT;bettina;dorferpauschenwein;AUT;;;;;1;1;;;;;;;;;
Stephan Koren;Stephan Koren;AUT;stephan;koren;AUT;;;;;2;0;;;;;;;;;
Qalib Ağayev;Qalib Agayev;AZE;qalib;agayev;AZE;;;;;2;0;;;;;;;;;
Qalib Ağayev;Qalib Agayev;AZE;qalib;agayev;AZE;;;;;2;0;;;;;;;;;
Elman Rustamov;Elman Rustamov;AZE;elman;rustamov;AZE;;;;;2;0;;;;;;;;;
Alim Guliyev;Alim Guliyev;AZE;alim;guliyev;AZE;;;;;1;0;;;;;;;;;
Taleh Kazimov;Taleh Kazimov;AZE;taleh;kazimov;AZE;;;;;2;0;;;;;;;;;
Cavanşir Abdullayev;Cavansir Abdullayev;AZE;cavansir;abdullayev;AZE;;;;;2;0;;;;;;;;;
Greogiore Bayiyezako;Greogiore Bayiyezako;BDI;greogiore;bayiyezako;BDI;;;;;2;0;;;;;;;;;
Salvator Toyi;Salvator Toyi;BDI;salvator;toyi;BDI;;;;;2;0;;;;;;;;;
Grégoire Banyiyezako;Gregoire Banyiyezako;BDI;gregoire;banyiyezako;BDI;;;;;2;0;;;;;;;;;
Gaspard Sindayigaya;Gaspard Sindayigaya;BDI;gaspard;sindayigaya;BDI;;;;;2;0;;;;;;;;;
Bonaventure Kidwingira;Bonaventure Kidwingira;BDI;bonaventure;kidwingira;BDI;;;;;2;0;;;;;;;;;
Elisee Ntahonikora;Elisee Ntahonikora;BDI;elisee;ntahonikora;BDI;;;;;2;0;;;;;;;;;
Aloys Ntahonkiriye;Aloys Ntahonkiriye;BDI;aloys;ntahonkiriye;BDI;;;;;2;0;;;;;;;;;
Isaac Budabuda;Isaac Budabuda;BDI;isaac;budabuda;BDI;;;;;2;0;;;;;;;;;
Mathias Sinamenye;Mathias Sinamenye;BDI;mathias;sinamenye;BDI;;;;;2;0;;;;;;;;;
Gabriel Ntisezerana;Gabriel Ntisezerana;BDI;gabriel;ntisezerana;BDI;;;;;2;0;;;;;;;;;
Isaac Bizimana;Isaac Bizimana;BDI;isaac;bizimana;BDI;;;;;2;0;;;;;;;;;
Jean Ciza;Jean Ciza;BDI;jean;ciza;BDI;;;;;2;0;;;;;;;;;
Édouard Normand Bigendako;Edouard Bigendako;BDI;edouard;bigendako;BDI;;;;;2;0;;;;;;;;;
Maurice Frère;Maurice Frere;BEL;maurice;frere;BEL;;;;;2;0;;;;;;;;;
Hubert Ansiaux;Hubert Ansiaux;BEL;hubert;ansiaux;BEL;;;;;2;0;;;;;;;;;
Robert Vandeputte;Robert Vandeputte;BEL;robert;vandeputte;BEL;;;;;2;0;;;;;;;;;
Baron Cecil de Strycker;Cecil Strycker;BEL;cecil;strycker;BEL;;;;;2;0;;;;;;;;;
Baron Jean Godeaux;Jean Godeaux;BEL;jean;godeaux;BEL;;;;;2;0;;;;;;;;;
Viscount Alfons Verplaetse;Alfons Verplaetse;BEL;alfons;verplaetse;BEL;;;;;2;0;;;;;;;;;
Viscount Alfons Verplaetse;Alfons Verplaetse;BEL;alfons;verplaetse;BEL;;;;;2;0;;;;;;;;;
Rik Branson;Rik Branson;BEL;rik;branson;BEL;;;;;0;0;;;;;;;;;
Guy Quaden;Guy Quaden;BEL;guy;quaden;BEL;;;;;2;0;;;;;;;;;
Luc Coene;Luc Coene;BEL;luc;coene;BEL;;;;;2;0;;;;;;;;;
Peter Praet;Peter Praet;BEL;peter;praet;BEL;;;;;0;0;;;;;;;;;
Peter Praet;Peter Praet;BEL;peter;praet;BEL;;;;;0;0;;;;;;;;;
Gerald Frère;Gerald Frere;BEL;gerald;frere;BEL;;;;;0;0;;;;;;;;;
Didier Matray;Didier Matray;BEL;didier;matray;BEL;;;;;0;0;;;;;;;;;
Jan Smets;Jan Smets;BEL;jan;smets;BEL;;;;;2;0;;;;;;;;;
Rudi Thomaes;Rudi Thomaes;BEL;rudi;thomaes;BEL;;;;;0;0;;;;;;;;;
Eddy Varmoesen;Eddy Varmoesen;BEL;eddy;varmoesen;BEL;;;;;0;0;;;;;;;;;
Marcia de Wachter;Marcia Wachter;BEL;marcia;wachter;BEL;;;;;0;1;;;;;;;;;
Guy Haaze;Guy Haaze;BEL;guy;haaze;BEL;;;;;0;0;;;;;;;;;
Rudy De Leeuw;Rudy Leeuw;BEL;rudy;leeuw;BEL;;;;;0;0;;;;;;;;;
Carl Devlies;Carl Devlies;BEL;carl;devlies;BEL;;;;;0;0;;;;;;;;;
Jan Vercamst;Jan Vercamst;BEL;jan;vercamst;BEL;;;;;0;0;;;;;;;;;
Christl Joris;Christl Joris;BEL;christl;joris;BEL;;;;;0;1;;;;;;;;;
Yves Prete;Yves Prete;BEL;yves;prete;BEL;;;;;0;0;;;;;;;;;
Jean Louis Six;Jean Six;BEL;jean;six;BEL;;;;;0;0;;;;;;;;;
Jean Francois Cats;Jean Cats;BEL;jean;cats;BEL;;;;;0;0;;;;;;;;;
Eric Mathay;Eric Mathay;BEL;eric;mathay;BEL;;;;;0;0;;;;;;;;;
Michèle Detaille;Michele Detaille;BEL;michele;detaille;BEL;;;;;0;1;;;;;;;;;
Claire Tillekaerts;Claire Tillekaerts;BEL;claire;tillekaerts;BEL;;;;;0;1;;;;;;;;;
Hans Dhondt;Hans Dhondt;BEL;hans;dhondt;BEL;;;;;0;0;;;;;;;;;
Jean Eylenbosch;Jean Eylenbosch;BEL;jean;eylenbosch;BEL;;;;;0;0;;;;;;;;;
Tom Dechaene;Tom Dechaene;BEL;tom;dechaene;BEL;;;;;0;0;;;;;;;;;
Mario Coppens;Mario Coppens;BEL;mario;coppens;BEL;;;;;0;0;;;;;;;;;
Thierry Bodson;Thierry Bodson;BEL;thierry;bodson;BEL;;;;;0;0;;;;;;;;;
Christine Mahy;Christine Mahy;BEL;christine;mahy;BEL;;;;;0;1;;;;;;;;;
Marc Leemans;Marc Leemans;BEL;marc;leemans;BEL;;;;;0;0;;;;;;;;;
Mia Schamphelaere;Mia Schamphelaere;BEL;mia;schamphelaere;BEL;;;;;0;1;;;;;;;;;
Tom Dechaene;Tom Dechaene;BEL;tom;dechaene;BEL;;;;;1;0;;;;;;;;;
Christian Van Thillo;Christian Thillo;BEL;christian;thillo;BEL;;;;;0;0;;;;;;;;;
Fabienne Bister;Fabienne Bister;BEL;fabienne;bister;BEL;;;;;0;1;;;;;;;;;
Veronique Thirion;Veronique Thirion;BEL;veronique;thirion;BEL;;;;;0;1;;;;;;;;;
Jo Swyngedouw;Jo Swyngedouw;BEL;jo;swyngedouw;BEL;;;;;0;0;;;;;;;;;
Pieter Timmermans;Pieter Timmermans;BEL;pieter;timmermans;BEL;;;;;0;0;;;;;;;;;
Steven Vanackere;Steven Vanackere;BEL;steven;vanackere;BEL;;;;;1;0;;;;;;;;;
Steven Vanackere;Steven Vanackere;BEL;steven;vanackere;BEL;;;;;1;0;;;;;;;;;
Véronique Thirion;Veronique Thirion;BEL;veronique;thirion;BEL;;;;;0;1;;;;;;;;;
Robert Vertenueil;Robert Vertenueil;BEL;robert;vertenueil;BEL;;;;;0;0;;;;;;;;;
Karel Van Eetvel;Karel Eetvel;BEL;karel;eetvel;BEL;;;;;0;0;;;;;;;;;
Sonja De Becker;Sonja Becker;BEL;sonja;becker;BEL;;;;;0;1;;;;;;;;;
Pierre Wunsch;Pierre Wunsch;BEL;pierre;wunsch;BEL;;;;;2;0;;;;;;;;;
Gregoire Koutentakis;Gregoire Koutentakis;BEL;gregoire;koutentakis;BEL;;;;;0;0;;;;;;;;;
Vincent Magnee;Vincent Magnee;BEL;vincent;magnee;BEL;;;;;0;0;;;;;;;;;
Danny Assche;Danny Assche;BEL;danny;assche;BEL;;;;;0;0;;;;;;;;;
Estelle Cantillo;Estelle Cantillo;BEL;estelle;cantillo;BEL;;;;;0;1;;;;;;;;;
Tim Hermans;Tim Hermans;BEL;tim;hermans;BEL;;;;;0;0;;;;;;;;;
Géraldine Van der Stichele;Geraldine Stichele;BEL;geraldine;stichele;BEL;;;;;0;1;;;;;;;;;
Pieter Verhelst;Pieter Verhelst;BEL;pieter;verhelst;BEL;;;;;0;0;;;;;;;;;
Lionel Rouget;Lionel Rouget;BEL;lionel;rouget;BEL;;;;;0;0;;;;;;;;;
Dimitri Lhoste;Dimitri Lhoste;BEL;dimitri;lhoste;BEL;;;;;0;0;;;;;;;;;
Cedric Frère;Cedric Frere;BEL;cedric;frere;BEL;;;;;0;0;;;;;;;;;
Louise Fromont;Louise Fromont;BEL;louise;fromont;BEL;;;;;0;1;;;;;;;;;
Bernard Jurion;Bernard Jurion;BEL;bernard;jurion;BEL;;;;;0;0;;;;;;;;;
Edwin De Boeck;Edwin Boeck;BEL;edwin;boeck;BEL;;;;;0;0;;;;;;;;;
Marjan Maes;Marjan Maes;BEL;marjan;maes;BEL;;;;;0;1;;;;;;;;;
Gilles Vandorpe;Gilles Vandorpe;BEL;gilles;vandorpe;BEL;;;;;0;0;;;;;;;;;
Adidjatou Mathys;Adidjatou Mathys;BEN;adidjatou;mathys;BEN;;;;;0;1;;;;;;;;;
Houessou Yaovi Hadonou;Houessou Hadonou;BEN;houessou;hadonou;BEN;;;;;0;0;;;;;;;;;
Oumara Karimou Assouma;Oumara Assouma;BEN;oumara;assouma;BEN;;;;;0;0;;;;;;;;;
Alain Michel Komaclo;Alain Komaclo;BEN;alain;komaclo;BEN;;;;;0;0;;;;;;;;;
Emmanuel Assilamehoo;Emmanuel Assilamehoo;BEN;emmanuel;assilamehoo;BEN;;;;;0;0;;;;;;;;;
Damo Justin Baro;Damo Baro;BFA;damo;baro;BFA;;;;;2;0;;;;;;;;;
Damo Justin Baro;Damo Baro;BFA;damo;baro;BFA;;;;;2;0;;;;;;;;;
Robert Julienne;Robert Julienne;BFA;robert;julienne;BFA;;;;;2;0;;;;;;;;;
Abdoulaye Fadiga;Abdoulaye Fadiga;BFA;abdoulaye;fadiga;BFA;;;;;2;0;;;;;;;;;
Justin Damo Baro;Justin Baro;BFA;justin;baro;BFA;;;;;2;0;;;;;;;;;
Philippe-Henri Dakoury-Tabley;Philippe Dakourytabley;BFA;philippe;dakourytabley;BFA;;;;;2;0;;;;;;;;;
Jean-Baptiste M.P. Compaore;Jean Compaore;BFA;jean;compaore;BFA;;;;;1;0;;;;;;;;;
A.N.M Hamidullah;A Hamidullah;BGD;a;hamidullah;BGD;;;;;2;0;;;;;;;;;
M. Nurul Islam;Nurul Islam;BGD;nurul;islam;BGD;;;;;2;0;;;;;;;;;
Sarkar;Lutfar Sarkar;BGD;lutfar;sarkar;BGD;;;;;2;0;;;;;;;;;
Dr. Salehuddin Ahmed;A Ahmed;BGD;a;ahmed;BGD;;;;;2;0;;;;;;;;;
Shegufta Bakht Chaudhuri;Shegufta Chaudhuri;BGD;shegufta;chaudhuri;BGD;;;;;2;1;;;;;;;;;
A.K.N. Ahmed;A Ahmed;BGD;a;ahmed;BGD;;;;;2;0;;;;;;;;;
Khorshed Alam;Khorshed Alam;BGD;khorshed;alam;BGD;;;;;2;0;;;;;;;;;
A.K.N. Ahmed;Fakhruddin Ahmed;BGD;fakhruddin;ahmed;BGD;;;;;2;0;;;;;;;;;
Dr. Fakhruddin Ahmed;Fakhruddin Ahmed;BGD;fakhruddin;ahmed;BGD;;;;;2;0;;;;;;;;;
Sanat Kumar Saha;Sanat Saha;BGD;sanat;saha;BGD;;;;;0;0;;;;;;;;;
Farashuddin;Mohammed Farashuddin;BGD;mohammed;farashuddin;BGD;;;;;2;0;;;;;;;;;
Mustafa Kamal Mujeri;Mustafa Mujeri;BGD;mustafa;mujeri;BGD;;;;;0;0;;;;;;;;;
A. K. M. Aftab ul Islam;A Islam;BGD;a;islam;BGD;;;;;0;0;;;;;;;;;
Dr. Atiur Rahman;Atiur Rahman;BGD;atiur;rahman;BGD;;;;;2;0;;;;;;;;;
Mohammad Ali Taslim;Mohammad Taslim;BGD;mohammad;taslim;BGD;;;;;2;0;;;;;;;;;
Ahsan H. Mansur;Ahsan Mansur;BGD;ahsan;mansur;BGD;;;;;2;0;;;;;;;;;
Abul Quasem;Abul Quasem;BGD;abul;quasem;BGD;;;;;2;0;;;;;;;;;
S. M. Mahfuzur Rahman;S Rahman;BGD;s;rahman;BGD;;;;;0;0;;;;;;;;;
Sadiq Ahmed;Sadiq Ahmed;BGD;sadiq;ahmed;BGD;;;;;0;0;;;;;;;;;
Nazrul Huda;Nazrul Huda;BGD;nazrul;huda;BGD;;;;;0;0;;;;;;;;;
Dr. Salehuddin Ahmed;Nasiruddin Ahmed;BGD;nasiruddin;ahmed;BGD;;;;;0;0;;;;;;;;;
Rushidan Islam Rahman;Rushidan Rahman;BGD;rushidan;rahman;BGD;;;;;0;0;;;;;;;;;
Mohammad Tareque;Mohammad Tareque;BGD;mohammad;tareque;BGD;;;;;0;0;;;;;;;;;
Shafiqur Rahman Patwari;Shafiqur Patwari;BGD;shafiqur;patwari;BGD;;;;;0;0;;;;;;;;;
Fazle Kabir;Fazle Kabir;BGD;fazle;kabir;BGD;;;;;2;0;;;;;;;;;
Musharraf Hossain Bhuiyan;Musharraf Bhuiyan;BGD;musharraf;bhuiyan;BGD;;;;;2;0;;;;;;;;;
Kazi Muktadir;Kazi Muktadir;BGD;kazi;muktadir;BGD;;;;;1;0;;;;;;;;;
Hedayetullah Al Mamoon;Hedayetullah Mamoon;BGD;hedayetullah;mamoon;BGD;;;;;0;0;;;;;;;;;
Hedayetullah Mamoon;Hedayetullah Mamoon;BGD;hedayetullah;mamoon;BGD;;;;;2;0;;;;;;;;;
Mohammad Muslim Chowdhury;Mohammad Chowdhury;BGD;mohammad;chowdhury;BGD;;;;;0;0;;;;;;;;;
Nojibur Rahman;Nojibur Rahman;BGD;nojibur;rahman;BGD;;;;;0;0;;;;;;;;;
Ahmed Jamal;Ahmed Jamal;BGD;ahmed;jamal;BGD;;;;;1;0;;;;;;;;;
A.K.N. Ahmed;Salehuddin Ahmed;BGD;salehuddin;ahmed;BGD;;;;;2;0;;;;;;;;;
Dr. Salehuddin Ahmed;Salehuddin Ahmed;BGD;salehuddin;ahmed;BGD;;;;;2;0;;;;;;;;;
M Khan;M Khan;BGD;m;khan;BGD;;;;;1;0;;;;;;;;;
Abu Nasser;Abu Nasser;BGD;abu;nasser;BGD;;;;;1;0;;;;;;;;;
Abdur Rouf Talukder;Abdur Talukder;BGD;abdur;talukder;BGD;;;;;0;0;;;;;;;;;
Abdur Talukder;Abdur Talukder;BGD;abdur;talukder;BGD;;;;;2;0;;;;;;;;;
Mostakur Rahman;Mostakur Rahman;BGD;mostakur;rahman;BGD;;;;;2;0;;;;;;;;;
Md. Ezazul Islam;Md Islam;BGD;md;islam;BGD;;;;;0;0;;;;;;;;;
Md. Zabaidul Islam;Md Islam;BGD;md;islam;BGD;;;;;0;0;;;;;;;;;
Dr. Fakhruddin Ahmed;Salahuddin Ahmed;BGD;salahuddin;ahmed;BGD;;;;;2;0;;;;;;;;;
Dr. Salehuddin Ahmed;Salahuddin Ahmed;BGD;salahuddin;ahmed;BGD;;;;;2;0;;;;;;;;;
A.K.N. Ahmed;Momtaz Ahmed;BGD;momtaz;ahmed;BGD;;;;;2;0;;;;;;;;;
Ghulam Hussain;Ghulam Hussain;BGD;ghulam;hussain;BGD;;;;;2;0;;;;;;;;;
Dr. Atiur Rahman;Md Rahman;BGD;md;rahman;BGD;;;;;0;0;;;;;;;;;
Dr. Atiur Rahman;Kazi Rahman;BGD;kazi;rahman;BGD;;;;;1;0;;;;;;;;;
Md. Habibur Rahman;Md Rahman;BGD;md;rahman;BGD;;;;;1;0;;;;;;;;;
Todor Valchev;Todor Valchev;BGR;todor;valchev;BGR;;;;;2;0;;;;;;;;;
Lyubomir Filipov;Lyubomir Filipov;BGR;lyubomir;filipov;BGR;;;;;2;0;;;;;;;;;
Svetoslav Gavriiski;Svetoslav Gavriiski;BGR;svetoslav;gavriiski;BGR;;;;;2;0;;;;;;;;;
Emilia Milanova;Emilia Milanova;BGR;emilia;milanova;BGR;;;;;1;1;;;;;;;;;
Oleg Nedyalkov;Oleg Nedyalkov;BGR;oleg;nedyalkov;BGR;;;;;2;0;;;;;;;;;
Emiliya Milanova;Emiliya Milanova;BGR;emiliya;milanova;BGR;;;;;2;1;;;;;;;;;
Statty Stattev;Statty Stattev;BGR;statty;stattev;BGR;;;;;0;0;;;;;;;;;
Dimitar Radev;Dimitar Radev;BGR;dimitar;radev;BGR;;;;;2;0;;;;;;;;;
Dimitar Kostov;Dimiter Kostov;BGR;dimiter;kostov;BGR;;;;;1;0;;;;;;;;;
Dimitar Kostov;Dimitar Kostov;BGR;dimitar;kostov;BGR;;;;;1;0;;;;;;;;;
Tsvetan Gunev;Tsvetan Gunev;BGR;tsvetan;gunev;BGR;;;;;1;0;;;;;;;;;
Tsvetan Manchev;Tsvetan Manchev;BGR;tsvetan;manchev;BGR;;;;;1;0;;;;;;;;;
Tsvetan Manchev;Tsvetan Manchev;BGR;tsvetan;manchev;BGR;;;;;1;0;;;;;;;;;
Nikolay Nenovsky;Nikolay Nenovsky;BGR;nikolay;nenovsky;BGR;;;;;0;0;;;;;;;;;
Nina Stoyanova;Nina Stoyanova;BGR;nina;stoyanova;BGR;;;;;1;1;;;;;;;;;
Ivan Iskrov;Ivan Iskrov;BGR;ivan;iskrov;BGR;;;;;2;0;;;;;;;;;
Ivan Iskrov;Ivan Iskrov;BGR;ivan;iskrov;BGR;;;;;2;0;;;;;;;;;
Ivan Iskrov;Ivan Iskrov;BGR;ivan;iskrov;BGR;;;;;1;0;;;;;;;;;
Kalin Hristov;Kalin Hristov;BGR;kalin;hristov;BGR;;;;;1;0;;;;;;;;;
Radoslav Milenkov;Radoslav Milenkov;BGR;radoslav;milenkov;BGR;;;;;1;0;;;;;;;;;
Lyudmila Elkova;Lyudmila Elkova;BGR;lyudmila;elkova;BGR;;;;;0;1;;;;;;;;;
Lyudmila Elkova;Lyudmila Elkova;BGR;lyudmila;elkova;BGR;;;;;0;1;;;;;;;;;
Elitsa Nikolova;Elitsa Nikolova;BGR;elitsa;nikolova;BGR;;;;;0;1;;;;;;;;;
Iliya Lingorski;Iliya Lingorski;BGR;iliya;lingorski;BGR;;;;;0;0;;;;;;;;;
Andrey Gurov;Andrey Gurov;BGR;andrey;gurov;BGR;;;;;1;0;;;;;;;;;
Petar Chobanov;Petar Chobanov;BGR;petar;chobanov;BGR;;;;;1;0;;;;;;;;;
Petar Chobanov;Petar Chobanov;BGR;petar;chobanov;BGR;;;;;1;0;;;;;;;;;
Ivan Stefanov;Ivan Stefanov;BGR;ivan;stefanov;BGR;;;;;2;0;;;;;;;;;
Tzonyu Tzonchev;Tzonyu Tzonchev;BGR;tzonyu;tzonchev;BGR;;;;;2;0;;;;;;;;;
Atanas Mechkarov;Atanas Mechkarov;BGR;atanas;mechkarov;BGR;;;;;2;0;;;;;;;;;
Vela Lukanova;Vela Lukanova;BGR;vela;lukanova;BGR;;;;;2;0;;;;;;;;;
Kiril Nestorov;Kiril Nestorov;BGR;kiril;nestorov;BGR;;;;;2;0;;;;;;;;;
Kiril Zarev;Kiril Zarev;BGR;kiril;zarev;BGR;;;;;2;0;;;;;;;;;
Veselin Nikiforov;Veselin Nikiforov;BGR;veselin;nikiforov;BGR;;;;;2;0;;;;;;;;;
Vasil Kolarov;Vasil Kolarov;BGR;vasil;kolarov;BGR;;;;;2;0;;;;;;;;;
Ivan Dragnevski;Ivan Dragnevski;BGR;ivan;dragnevski;BGR;;;;;2;0;;;;;;;;;
Garabed Minassian;Garabed Minassian;BGR;garabed;minassian;BGR;;;;;0;0;;;;;;;;;
Rumen Simeonov;Rumen Simeonov;BGR;rumen;simeonov;BGR;;;;;1;0;;;;;;;;;
Penka Kratunova;Penka Kratunova;BGR;penka;kratunova;BGR;;;;;2;1;;;;;;;;;
Boryana Pencheva;Boryana Pencheva;BGR;boryana;pencheva;BGR;;;;;0;1;;;;;;;;;
Nelly Kordovska;Nelly Kordovska;BGR;nelly;kordovska;BGR;;;;;0;1;;;;;;;;;
Abdulla Hassan Saif;Abdullah Saif;BHR;abdullah;saif;BHR;;;;;2;0;;;;;;;;;
Rasheed Maraj;Rasheed Maraj;BHR;rasheed;maraj;BHR;;;;;2;0;;;;;;;;;
Shaikh Abdulla bin Khalifa Al Khalifa;Ahmed Khalifa;BHR;ahmed;khalifa;BHR;;;;;2;0;;;;;;;;;
Abdul Albaker;Abdul Albaker;BHR;abdul;albaker;BHR;;;;;0;0;;;;;;;;;
Shaikh Ahmed bin Mohammed Al Khalifa;Ahmed Khalifa;BHR;ahmed;khalifa;BHR;;;;;2;0;;;;;;;;;
Abdulla Hassan Saif;Abdulla Saif;BHR;abdulla;saif;BHR;;;;;2;0;;;;;;;;;
Shaikh Ahmed bin Mohammed Al Khalifa;Abdullah Khalifa;BHR;abdullah;khalifa;BHR;;;;;2;0;;;;;;;;;
Khalid Humaidan;Khalid Humaidan;BHR;khalid;humaidan;BHR;;;;;2;0;;;;;;;;;
Carleton Williams;Carleton Williams;BHS;carleton;williams;BHS;;;;;0;0;;;;;;;;;
Timothy B. Donaldson;Timothy Donaldson;BHS;timothy;donaldson;BHS;;;;;2;0;;;;;;;;;
John A. Rolle;Warren Rolle;BHS;warren;rolle;BHS;;;;;0;0;;;;;;;;;
Collin Callender;Collin Callender;BHS;collin;callender;BHS;;;;;0;0;;;;;;;;;
Sir. William C. Allen (reapp.);Julian Reapp;BHS;julian;reapp;BHS;;;;;2;0;;;;;;;;;
Pandora Johnson;Pandora Johnson;BHS;pandora;johnson;BHS;;;;;0;0;;;;;;;;;
Vincent Vanderpool-Wallace;Vincent Vanderpoolwallace;BHS;vincent;vanderpoolwallace;BHS;;;;;0;0;;;;;;;;;
Archdeacon James Palacious;Archdeacon Palacious;BHS;archdeacon;palacious;BHS;;;;;0;0;;;;;;;;;
Julian W Francis;Julian Francis;BHS;julian;francis;BHS;;;;;2;0;;;;;;;;;
Julian W. Francis;Julian Francis;BHS;julian;francis;BHS;;;;;2;0;;;;;;;;;
Michael Lightbourne;Michael Lightbourne;BHS;michael;lightbourne;BHS;;;;;1;0;;;;;;;;;
Duane Sands;Duane Sands;BHS;duane;sands;BHS;;;;;2;0;;;;;;;;;
John Rolle;John Rolle;BHS;john;rolle;BHS;;;;;2;0;;;;;;;;;
Sir William C. Allen;William Allen;BHS;william;allen;BHS;;;;;2;0;;;;;;;;;
James E. Smith;James Smith;BHS;james;smith;BHS;;;;;2;0;;;;;;;;;
Julian W Francis;Julian Francis;BHS;julian;francis;BHS;;;;;2;0;;;;;;;;;
Wendy Craigg;Wendy Craigg;BHS;wendy;craigg;BHS;;;;;2;1;;;;;;;;;
Edgar Moxey;Edgar Moxey;BHS;edgar;moxey;BHS;;;;;0;0;;;;;;;;;
Paula Adderley;Paula Adderley;BHS;paula;adderley;BHS;;;;;0;1;;;;;;;;;
Jure Pelivan;Jure Pelivan;BIH;jure;pelivan;BIH;;;;;0;0;;;;;;;;;
Kasim Omicevic;Kasim Omicevic;BIH;kasim;omicevic;BIH;;;;;2;0;;;;;;;;;
Peter Nicholl;Peter Nicholl;BIH;peter;nicholl;BIH;;;;;2;0;;;;;;;;;
Vasilj Zarkovic;Vasilj Zarkovic;BIH;vasilj;zarkovic;BIH;;;;;0;0;;;;;;;;;
Zeljko Sain;Zeljko Sain;BIH;zeljko;sain;BIH;;;;;0;0;;;;;;;;;
Ankica Kolobaric;Ankica Kolobaric;BIH;ankica;kolobaric;BIH;;;;;0;1;;;;;;;;;
Kemal KozarićBis;Kemal Kozaricbis;BIH;kemal;kozaricbis;BIH;;;;;2;0;;;;;;;;;
Radomir Božić;Radomir Bozic;BIH;radomir;bozic;BIH;;;;;1;0;;;;;;;;;
Fikret Causevic;Fikret Causevic;BIH;fikret;causevic;BIH;;;;;2;0;;;;;;;;;
Senad Softic;Senad Softic;BIH;senad;softic;BIH;;;;;2;0;;;;;;;;;
Vladusic Ljubisa;Vladusic Ljubisa;BIH;vladusic;ljubisa;BIH;;;;;1;0;;;;;;;;;
Željko Marić;Zeljko Maric;BIH;zeljko;maric;BIH;;;;;1;0;;;;;;;;;
Jasmina Selimović;Jasmina Selimovic;BIH;jasmina;selimovic;BIH;;;;;2;1;;;;;;;;;
Manoijo Coric;Manoijo Coric;BIH;manoijo;coric;BIH;;;;;0;0;;;;;;;;;
Ljubomir Kovacević;Ljubomir Kovacevic;BIH;ljubomir;kovacevic;BIH;;;;;0;0;;;;;;;;;
Mehmed Jahit;Mehmed Jahit;BIH;mehmed;jahit;BIH;;;;;0;0;;;;;;;;;
Trivo Marinković;Trivo Marinkovic;BIH;trivo;marinkovic;BIH;;;;;0;0;;;;;;;;;
Marko Vidojević;Marko Vidojevic;BIH;marko;vidojevic;BIH;;;;;1;0;;;;;;;;;
Nikolai Omelyanovich;Nikolai Omelyanovich;BLR;nikolai;omelyanovich;BLR;;;;;2;0;;;;;;;;;
Stanislav A. Bogdankevich;Stanislav Bogdankevich;BLR;stanislav;bogdankevich;BLR;;;;;2;0;;;;;;;;;
Petr P. Prokopovich;Pyotr Prokopovich;BLR;pyotr;prokopovich;BLR;;;;;2;0;;;;;;;;;
Vladimir Ya. Senko;Vladimir Senko;BLR;vladimir;senko;BLR;;;;;0;0;;;;;;;;;
Gennady S. Aleynikov;Gennady Aleynikov;BLR;gennady;aleynikov;BLR;;;;;2;0;;;;;;;;;
Tamara D. Vinnikova;Tamara Vinnikova;BLR;tamara;vinnikova;BLR;;;;;2;1;;;;;;;;;
Nadezhda Yermakova;Nadezhda Yermakova;BLR;nadezhda;yermakova;BLR;;;;;2;1;;;;;;;;;
Petr A. Mamanovich;Petr Mamanovich;BLR;petr;mamanovich;BLR;;;;;0;0;;;;;;;;;
Pavel Uladzimiravich Kalaur;Pavel Kalaur;BLR;pavel;kalaur;BLR;;;;;2;0;;;;;;;;;
Pavel Kallaur;Pavel Kallaur;BLR;pavel;kallaur;BLR;;;;;2;0;;;;;;;;;
Elena Mashnina;Elena Mashnina;BLR;elena;mashnina;BLR;;;;;0;1;;;;;;;;;
Dmitry Lapko;Dmitry Lapko;BLR;dmitry;lapko;BLR;;;;;0;0;;;;;;;;;
Sergei Kalechits;Sergei Kalechits;BLR;sergei;kalechits;BLR;;;;;1;0;;;;;;;;;
Alexander V. Lobanov;Alexander Lobanov;BLR;alexander;lobanov;BLR;;;;;0;0;;;;;;;;;
Sergey V. Dubkov;Sergey Dubkov;BLR;sergey;dubkov;BLR;;;;;1;0;;;;;;;;;
Yury M. Alymov;Yury Alymov;BLR;yury;alymov;BLR;;;;;1;0;;;;;;;;;
Taras Yu. Nadolyn;Taras Nadolyn;BLR;taras;nadolyn;BLR;;;;;0;0;;;;;;;;;
Ilona A. Durasova/Lednitskaya;Ilona Durasovalednitskaya;BLR;ilona;durasovalednitskaya;BLR;;;;;0;1;;;;;;;;;
Dmitry L. Kalechits;Dmitry Kalechits;BLR;dmitry;kalechits;BLR;;;;;0;0;;;;;;;;;
Sir Edney Cain;Edney Cain;BLZ;edney;cain;BLZ;;;;;2;0;;;;;;;;;
Sir Edney Cain;Edney Cain;BLZ;edney;cain;BLZ;;;;;2;0;;;;;;;;;
Manual Esquivel;Manual Esquivel;BLZ;manual;esquivel;BLZ;;;;;0;0;;;;;;;;;
Jorge Meliton Auil;Jorge Auil;BLZ;jorge;auil;BLZ;;;;;2;0;;;;;;;;;
Ricardo Pelayo;Ricardo Pelayo;BLZ;ricardo;pelayo;BLZ;;;;;0;0;;;;;;;;;
Joy Grant;Joy Grant;BLZ;joy;grant;BLZ;;;;;2;1;;;;;;;;;
Carla Barnett;Carla Barnett;BLZ;carla;barnett;BLZ;;;;;1;1;;;;;;;;;
Glenford Ysaguirre;Glenford Ysaguirre;BLZ;glenford;ysaguirre;BLZ;;;;;2;0;;;;;;;;;
Carla Burnett;Carla Burnett;BLZ;carla;burnett;BLZ;;;;;0;1;;;;;;;;;
Jaime Briceño;Jaime Briceno;BLZ;jaime;briceno;BLZ;;;;;0;0;;;;;;;;;
Francis Fonseca;Francis Fonseca;BLZ;francis;fonseca;BLZ;;;;;0;0;;;;;;;;;
Kareem Michael;Kareem Michael;BLZ;kareem;michael;BLZ;;;;;2;0;;;;;;;;;
Vanessa Retreage;Vanessa Retreage;BLZ;vanessa;retreage;BLZ;;;;;0;1;;;;;;;;;
Robert Swift;Robert Swift;BLZ;robert;swift;BLZ;;;;;2;0;;;;;;;;;
Alan Slusher;Alan Slusher;BLZ;alan;slusher;BLZ;;;;;2;0;;;;;;;;;
Keith Arnold;Keith Arnold;BLZ;keith;arnold;BLZ;;;;;2;0;;;;;;;;;
Sydney Campbell;Sydney Campbell;BLZ;sydney;campbell;BLZ;;;;;2;0;;;;;;;;;
Marilyn Gardinerusher;Marilyn Gardinerusher;BLZ;marilyn;gardinerusher;BLZ;;;;;1;1;;;;;;;;;
John Mencias;John Mencias;BLZ;john;mencias;BLZ;;;;;0;0;;;;;;;;;
Nestor Vasquez;Nestor Vasquez;BLZ;nestor;vasquez;BLZ;;;;;1;0;;;;;;;;;
Gustavo Manuel Vasquez;Gustavo Vasquez;BLZ;gustavo;vasquez;BLZ;;;;;2;0;;;;;;;;;
Matthew Elderfield;Matthew Elderfield;BMU;matthew;elderfield;BMU;;;;;2;0;;;;;;;;;
Darren Q. Johnston;Darren Johnston;BMU;darren;johnston;BMU;;;;;1;0;;;;;;;;;
Mansfield Brock;Mansfield Brock;BMU;mansfield;brock;BMU;;;;;2;0;;;;;;;;;
Cheryl-Ann Lister;Cheryl Lister;BMU;cheryl;lister;BMU;;;;;2;1;;;;;;;;;
Alan C. Cossar;Alan Cossar;BMU;alan;cossar;BMU;;;;;2;0;;;;;;;;;
Gerald D.E. Simons;Gerald Simons;BMU;gerald;simons;BMU;;;;;2;0;;;;;;;;;
Raúl Boada Rodríguez;Raul Rodriguez;BOL;raul;rodriguez;BOL;;;;;2;0;;;;;;;;;
Pablo Ramos Sánchez;Pablo Sanchez;BOL;pablo;sanchez;BOL;;;;;2;0;;;;;;;;;
Armando Méndez Morales;Armando Morales;BOL;armando;morales;BOL;;;;;2;0;;;;;;;;;
Juan Antonio Morales;Juan Morales;BOL;juan;morales;BOL;;;;;2;0;;;;;;;;;
Fernando Baldivieso;Fernando Baldivieso;BOL;fernando;baldivieso;BOL;;;;;0;0;;;;;;;;;
Agustín Saavedra Weise;Agustin Weise;BOL;agustin;weise;BOL;;;;;2;0;;;;;;;;;
Armando Siles;Armando Siles;BOL;armando;siles;BOL;;;;;1;0;;;;;;;;;
Gabriel Loza Tellería;Gabriel Telleria;BOL;gabriel;telleria;BOL;;;;;2;0;;;;;;;;;
Fernando Prudencio;Fernando Prudencio;BOL;fernando;prudencio;BOL;;;;;1;0;;;;;;;;;
Marcelo Zabalaga;Marcelo Zabalaga;BOL;marcelo;zabalaga;BOL;;;;;2;0;;;;;;;;;
Luis Olea;Luis Olea;BOL;luis;olea;BOL;;;;;0;0;;;;;;;;;
Gustavo Blacutt Alcalà;Gustavo Alcala;BOL;gustavo;alcala;BOL;;;;;0;0;;;;;;;;;
Guillermo Aponte Reyes Ortiz;Guillermo Ortiz;BOL;guillermo;ortiz;BOL;;;;;2;0;;;;;;;;;
Ernesto Aguilar;Ernesto Aguilar;BOL;ernesto;aguilar;BOL;;;;;0;0;;;;;;;;;
Roger Edwin Rojas Ulo;Roger Ulo;BOL;roger;ulo;BOL;;;;;2;0;;;;;;;;;
Alfredo Alexander Jordán;Alfredo Jordan;BOL;alfredo;jordan;BOL;;;;;2;0;;;;;;;;;
José María Gutiérrez;Jose Gutierrez;BOL;jose;gutierrez;BOL;;;;;2;0;;;;;;;;;
Alcides Molina;Alcides Molina;BOL;alcides;molina;BOL;;;;;2;0;;;;;;;;;
Humberto Cuenca de la Riva;Humberto Riva;BOL;humberto;riva;BOL;;;;;2;0;;;;;;;;;
Armando Pinell Centellas;Armando Centellas;BOL;armando;centellas;BOL;;;;;2;0;;;;;;;;;
Franklin Antezana Paz;Franklin Paz;BOL;franklin;paz;BOL;;;;;2;0;;;;;;;;;
Luis Peñaloza Cordero;Luis Cordero;BOL;luis;cordero;BOL;;;;;2;0;;;;;;;;;
Eufronio Hinojosa Guzmán;Eufronio Guzman;BOL;eufronio;guzman;BOL;;;;;2;0;;;;;;;;;
Humberto Fossati Rocha;Humberto Rocha;BOL;humberto;rocha;BOL;;;;;2;0;;;;;;;;;
Raúl Lema Pelaez;Raul Pelaez;BOL;raul;pelaez;BOL;;;;;2;0;;;;;;;;;
Santiago Sologuren Sologuren;Santiago Sologuren;BOL;santiago;sologuren;BOL;;;;;2;0;;;;;;;;;
Alberto Ibañez Gonzales;Alberto Gonzales;BOL;alberto;gonzales;BOL;;;;;2;0;;;;;;;;;
Luis Arce Pacheco;Luis Pacheco;BOL;luis;pacheco;BOL;;;;;2;0;;;;;;;;;
Jorge Jordán Ferrufino;Jorge Ferrufino;BOL;jorge;ferrufino;BOL;;;;;2;0;;;;;;;;;
Oscar Vega López;Oscar Lopez;BOL;oscar;lopez;BOL;;;;;2;0;;;;;;;;;
Wenceslao Alba Quiroz;Wenceslao Quiroz;BOL;wenceslao;quiroz;BOL;;;;;2;0;;;;;;;;;
Manuel Mercado Montero;Manuel Montero;BOL;manuel;montero;BOL;;;;;2;0;;;;;;;;;
Luis Bedregal Rodo;Luis Rodo;BOL;luis;rodo;BOL;;;;;2;0;;;;;;;;;
José Justiniano Aguilera;Jose Aguilera;BOL;jose;aguilera;BOL;;;;;2;0;;;;;;;;;
Miguel Fabbri Cohn;Miguel Cohn;BOL;miguel;cohn;BOL;;;;;2;0;;;;;;;;;
Enrique García Ayaviri;Enrique Ayaviri;BOL;enrique;ayaviri;BOL;;;;;2;0;;;;;;;;;
Arturo Nuñez del Prado;Marcelo Prado;BOL;marcelo;prado;BOL;;;;;2;0;;;;;;;;;
Guido Salinas;Guido Salinas;BOL;guido;salinas;BOL;;;;;2;0;;;;;;;;;
Luis Viscarra Cruz;Luis Cruz;BOL;luis;cruz;BOL;;;;;2;0;;;;;;;;;
Herbert Müller Costas;Herbert Costas;BOL;herbert;costas;BOL;;;;;2;0;;;;;;;;;
Reynaldo Cardozo Arellano;Reynaldo Arellano;BOL;reynaldo;arellano;BOL;;;;;2;0;;;;;;;;;
Tamara Sánchez Peña;Tamara Pena;BOL;tamara;pena;BOL;;;;;2;1;;;;;;;;;
Javier Nogales Iturri;Javier Iturri;BOL;javier;iturri;BOL;;;;;2;0;;;;;;;;;
Jacques Trigo Loubiere;Jacques Loubiere;BOL;jacques;loubiere;BOL;;;;;2;0;;;;;;;;;
Fernando Candia Castillo;Fernando Castillo;BOL;fernando;castillo;BOL;;;;;2;0;;;;;;;;;
Armando Méndez Morales;Juan Morales;BOL;juan;morales;BOL;;;;;2;0;;;;;;;;;
José Luis Evia Vizcarra;Jose Vizcarra;BOL;jose;vizcarra;BOL;;;;;0;0;;;;;;;;;
Raul Garron Claure;Raul Claure;BOL;raul;claure;BOL;;;;;2;0;;;;;;;;;
Lenny Valdivia Bautista;Lenny Bautista;BOL;lenny;bautista;BOL;;;;;2;1;;;;;;;;;
Abraham Pérez Alandia;Abraham Alandia;BOL;abraham;alandia;BOL;;;;;0;0;;;;;;;;;
Reynaldo Yujra Segales;Reynaldo Segales;BOL;reynaldo;segales;BOL;;;;;0;0;;;;;;;;;
Rafael Bloyan Tellez;Rafael Tellez;BOL;rafael;tellez;BOL;;;;;0;0;;;;;;;;;
David Iván Espinoza Torrico;David Torrico;BOL;david;torrico;BOL;;;;;2;0;;;;;;;;;
Dênio Chagas Nogueir;Denio Nogueir;BRA;denio;nogueir;BRA;;;;;2;0;;;;;;;;;
Dênio Chagas Nogueira;Denio Nogueira;BRA;denio;nogueira;BRA;;;;;2;0;;;;;;;;;
Ary Burger;Ary Burger;BRA;ary;burger;BRA;;;;;2;0;;;;;;;;;
Galvêas;Ernane Galveas;BRA;ernane;galveas;BRA;;;;;2;0;;;;;;;;;
Galvêas;Ernane Galveas;BRA;ernane;galveas;BRA;;;;;2;0;;;;;;;;;
Rui Aguiar da Silva Leme;Rui Leme;BRA;rui;leme;BRA;;;;;2;0;;;;;;;;;
Camões;Elmo Camoes;BRA;elmo;camoes;BRA;;;;;2;0;;;;;;;;;
Brandão;Carlos Brandao;BRA;carlos;brandao;BRA;;;;;2;0;;;;;;;;;
Lycio de Faria;Lycio Faria;BRA;lycio;faria;BRA;;;;;2;0;;;;;;;;;
Paulo Hortêncio Pereira Lima;Paulo Lima;BRA;paulo;lima;BRA;;;;;2;0;;;;;;;;;
Bracher;Fernao Bracher;BRA;fernao;bracher;BRA;;;;;2;0;;;;;;;;;
Pastore;Affonso Pastore;BRA;affonso;pastore;BRA;;;;;2;0;;;;;;;;;
Lira;Paulo Lira;BRA;paulo;lira;BRA;;;;;2;0;;;;;;;;;
Paulo Vieira da Cunha;Paulo Cunha;BRA;paulo;cunha;BRA;;;;;0;0;;;;;;;;;
Gros;Francisco Gros;BRA;francisco;gros;BRA;;;;;2;0;;;;;;;;;
Gros;Francisco Gros;BRA;francisco;gros;BRA;;;;;2;0;;;;;;;;;
Malan;Pedro Malan;BRA;pedro;malan;BRA;;;;;2;0;;;;;;;;;
Langoni;Carlos Langoni;BRA;carlos;langoni;BRA;;;;;2;0;;;;;;;;;
Eris;Ibrahim Eris;BRA;ibrahim;eris;BRA;;;;;2;0;;;;;;;;;
Carlos Eduardo de Freitas;Carlos Freitas;BRA;carlos;freitas;BRA;;;;;2;0;;;;;;;;;
Carlos Eduardo de Freitas;Carlos Freitas;BRA;carlos;freitas;BRA;;;;;0;0;;;;;;;;;
Meirelles;Hinrique Meirelles;BRA;hinrique;meirelles;BRA;;;;;0;0;;;;;;;;;
Lemgruber;Antonio Lemgruber;BRA;antonio;lemgruber;BRA;;;;;2;0;;;;;;;;;
Francisco Lopes;Francisco Lopes;BRA;francisco;lopes;BRA;;;;;2;0;;;;;;;;;
Tereza Cristina Grossi Togni;Tereza Togni;BRA;tereza;togni;BRA;;;;;2;1;;;;;;;;;
Maria Celina Berardinelli Arraes;Maria Arraes;BRA;maria;arraes;BRA;;;;;0;0;;;;;;;;;
Alvir Alberto Hoffmann;Alvir Hoffmann;BRA;alvir;hoffmann;BRA;;;;;0;0;;;;;;;;;
Wadico Waldir Bucch;Wadico Bucch;BRA;wadico;bucch;BRA;;;;;2;0;;;;;;;;;
Antonio Gustavo Matos do Vale;Antonio Vale;BRA;antonio;vale;BRA;;;;;2;0;;;;;;;;;
Antonio Gustavo Matos do Vale;Antonio Vale;BRA;antonio;vale;BRA;;;;;0;0;;;;;;;;;
Persio Arida;Persio Arida;BRA;persio;arida;BRA;;;;;2;0;;;;;;;;;
Sergio Werlang;Sergio Werlang;BRA;sergio;werlang;BRA;;;;;0;0;;;;;;;;;
Maria Arraes;Maria Arraes;BRA;maria;arraes;BRA;;;;;0;0;;;;;;;;;
Luiz Edson Feltrim;Luiz Feltrim;BRA;luiz;feltrim;BRA;;;;;2;0;;;;;;;;;
Franco;Gustavo Franco;BRA;gustavo;franco;BRA;;;;;2;0;;;;;;;;;
Neto;Arminio Neto;BRA;arminio;neto;BRA;;;;;2;0;;;;;;;;;
Sidnei Marqsue;Sidnei Marqsue;BRA;sidnei;marqsue;BRA;;;;;0;0;;;;;;;;;
Daniel Luiz Gleizer;Daniel Gleizer;BRA;daniel;gleizer;BRA;;;;;2;0;;;;;;;;;
Daniel Luiz Gleizer;Daniel Gleizer;BRA;daniel;gleizer;BRA;;;;;0;0;;;;;;;;;
Aldo Luiz Mendes;Aldo Mendes;BRA;aldo;mendes;BRA;;;;;2;0;;;;;;;;;
Beny Parnes;Beny Parnes;BRA;beny;parnes;BRA;;;;;2;0;;;;;;;;;
Luiz Awazu Pereira da Silva;Luiz Silva;BRA;luiz;silva;BRA;;;;;2;0;;;;;;;;;
Sidnei Corrêa Marques;Sidnei Marques;BRA;sidnei;marques;BRA;;;;;0;0;;;;;;;;;
Eduardo Henrique de Mello Motta Loyo;Eduardo Loyo;BRA;eduardo;loyo;BRA;;;;;2;0;;;;;;;;;
Rodrigo Telles da Rocha Azevedo;Rodrigo Azevedo;BRA;rodrigo;azevedo;BRA;;;;;2;0;;;;;;;;;
Mário Gomes Torós;Mario Toros;BRA;mario;toros;BRA;;;;;2;0;;;;;;;;;
Reinaldo Le Grazie;Reinaldo Grazie;BRA;reinaldo;grazie;BRA;;;;;0;0;;;;;;;;;
Alexandre Schwartsman;Alexandre Schwartsman;BRA;alexandre;schwartsman;BRA;;;;;2;0;;;;;;;;;
Alexandre Antonio Tombini;Alexandre Tombini;BRA;alexandre;tombini;BRA;;;;;0;0;;;;;;;;;
Alexandre Antonio Tombini;Alexandre Tombini;BRA;alexandre;tombini;BRA;;;;;0;0;;;;;;;;;
Paulo Sérgio Cavalheiro;Paulo Cavalheiro;BRA;paulo;cavalheiro;BRA;;;;;1;0;;;;;;;;;
Paulo Picchetti;Paulo Picchetti;BRA;paulo;picchetti;BRA;;;;;0;0;;;;;;;;;
Luiz Fernando Figueiredo;Luiz Figueiredo;BRA;luiz;figueiredo;BRA;;;;;2;0;;;;;;;;;
Luiz Fernando Figueiredo;Luiz Figueiredo;BRA;luiz;figueiredo;BRA;;;;;1;0;;;;;;;;;
Carlos Hamilton Vasconcelos Araújo;Carlos Araujo;BRA;carlos;araujo;BRA;;;;;2;0;;;;;;;;;
Mário Magalhães Carvalho Mesquita;Mario Mesquita;BRA;mario;mesquita;BRA;;;;;2;0;;;;;;;;;
Tony Volpon;Tony Volpon;BRA;tony;volpon;BRA;;;;;2;0;;;;;;;;;
Ilan Goldfajn;Ilan Goldfajn;BRA;ilan;goldfajn;BRA;;;;;2;0;;;;;;;;;
Mauricio Moura;Mauricio Moura;BRA;mauricio;moura;BRA;;;;;0;0;;;;;;;;;
Roberto Neto;Roberto Neto;BRA;roberto;neto;BRA;;;;;2;0;;;;;;;;;
Sérgio Darcy da Silva Alves;Sergio Alves;BRA;sergio;alves;BRA;;;;;2;0;;;;;;;;;
Paulo Vieira da Cunha;Paulo Cunha;BRA;paulo;cunha;BRA;;;;;2;0;;;;;;;;;
Otavio Damaso;Otavio Damaso;BRA;otavio;damaso;BRA;;;;;0;0;;;;;;;;;
Ferreira;Isaac Ferreira;BRA;isaac;ferreira;BRA;;;;;2;0;;;;;;;;;
Ferreira;Isaac Ferreira;BRA;isaac;ferreira;BRA;;;;;0;0;;;;;;;;;
Joao Mello;Joao Mello;BRA;joao;mello;BRA;;;;;0;0;;;;;;;;;
Carolina Barros;Carolina Barros;BRA;carolina;barros;BRA;;;;;0;1;;;;;;;;;
Ailton de Aquino Santos;Ailton Santos;BRA;ailton;santos;BRA;;;;;0;0;;;;;;;;;
Rodrigo Alves Teixeira;Rodrigo Teixeira;BRA;rodrigo;teixeira;BRA;;;;;0;0;;;;;;;;;
Tiago Couto Berriel;Tiago Berriel;BRA;tiago;berriel;BRA;;;;;0;0;;;;;;;;;
Fernanda Guardado;Fernanda Guardado;BRA;fernanda;guardado;BRA;;;;;0;1;;;;;;;;;
Diogo Abry Guillen;Diogo Guillen;BRA;diogo;guillen;BRA;;;;;0;0;;;;;;;;;
Renato Goncalves;Renato Goncalves;BRA;renato;goncalves;BRA;;;;;0;0;;;;;;;;;
Bruno Serra Fernandes;Bruno Fernandes;BRA;bruno;fernandes;BRA;;;;;0;0;;;;;;;;;
Gabriel Galipolo;Gabriel Galipolo;BRA;gabriel;galipolo;BRA;;;;;0;0;;;;;;;;;
Gabriel Galípolo;Gabriel Galipolo;BRA;gabriel;galipolo;BRA;;;;;2;0;;;;;;;;;
Ary Burguer;Ary Burguer;BRA;ary;burguer;BRA;;;;;2;0;;;;;;;;;
Luiz Augusto de Oliveira Candiota;Luiz Candiota;BRA;luiz;candiota;BRA;;;;;2;0;;;;;;;;;
João Antônio Fleury Teixeira;Joao Teixeira;BRA;joao;teixeira;BRA;;;;;0;0;;;;;;;;;
Meirelles;Anthero Meirelles;BRA;anthero;meirelles;BRA;;;;;0;0;;;;;;;;;
Altamir Lopes;Altamir Lopes;BRA;altamir;lopes;BRA;;;;;2;0;;;;;;;;;
Carlos Viana de Carvalho;Carlos Carvalho;BRA;carlos;carvalho;BRA;;;;;0;0;;;;;;;;;
Renato Dias de Brito Gomes;Renato Gomes;BRA;renato;gomes;BRA;;;;;1;0;;;;;;;;;
Dr. Courtney Blackman;Courtney Blackman;BRB;courtney;blackman;BRB;;;;;2;0;;;;;;;;;
Dr Kurgleigh King;Kurleigh King;BRB;kurleigh;king;BRB;;;;;2;0;;;;;;;;;
DeLisle Worrell;De Worrell;BRB;de;worrell;BRB;;;;;2;0;;;;;;;;;
DeLisle Worrell;Delisle Worrell;BRB;delisle;worrell;BRB;;;;;2;0;;;;;;;;;
Carlos Holder;Carlos Holder;BRB;carlos;holder;BRB;;;;;1;0;;;;;;;;;
Darcy Boyce;Darcy Boyce;BRB;darcy;boyce;BRB;;;;;1;0;;;;;;;;;
Elson Gaskin;Elson Gaskin;BRB;elson;gaskin;BRB;;;;;1;0;;;;;;;;;
Cleviston Haynes;Cleviston Haynes;BRB;cleviston;haynes;BRB;;;;;2;0;;;;;;;;;
Dr Greenidge;Dr Greenidge;BRB;dr;greenidge;BRB;;;;;2;0;;;;;;;;;
Mr. Calvin Springer;Calvin Springer;BRB;calvin;springer;BRB;;;;;2;0;;;;;;;;;
Mr. Winston Cox;Winston Cox;BRB;winston;cox;BRB;;;;;2;0;;;;;;;;;
Marion Williams;Marion Williams;BRB;marion;williams;BRB;;;;;2;1;;;;;;;;;
Kevin Greenidge;Kevin Greenidge;BRB;kevin;greenidge;BRB;;;;;2;0;;;;;;;;;
Haji Mohd Roselan bin Haij Mohd Daud;Haji Daud;BRN;haji;daud;BRN;;;;;0;0;;;;;;;;;
Haji Mohd Roselan bin Haij Mohd Daud;Haji Daud;BRN;haji;daud;BRN;;;;;0;0;;;;;;;;;
Khairuddin bin Haji Abdul Hamid;Khairuddin Hamid;BRN;khairuddin;hamid;BRN;;;;;2;0;;;;;;;;;
Dr. Haji Abdul Manaf bin Haji Metussin;Haji Metussin;BRN;haji;metussin;BRN;;;;;2;0;;;;;;;;;
Haji Hisham bin Haji Mohd Hanifah;Haji Hanifah;BRN;haji;hanifah;BRN;;;;;0;0;;;;;;;;;
Haji Ahmaddin bin Haji Abdul Rahman;Haji Rahman;BRN;haji;rahman;BRN;;;;;2;0;;;;;;;;;
Prince Billah;Prince Billah;BRN;prince;billah;BRN;;;;;2;0;;;;;;;;;
Abdul Ibrahim;Abdul Ibrahim;BRN;abdul;ibrahim;BRN;;;;;0;0;;;;;;;;;
Mohd Rosli bin Haji Sabtu;Mohd Sabtu;BRN;mohd;sabtu;BRN;;;;;0;0;;;;;;;;;
Dayang Naimah binti Md.Ali;Dayang Md;BRN;dayang;md;BRN;;;;;0;1;;;;;;;;;
Mohammad Yasmin bin Haji Umar;Mohammad Umar;BRN;mohammad;umar;BRN;;;;;0;0;;;;;;;;;
Rashidah binti Haji Sabtu;Rashidah Sabtu;BRN;rashidah;sabtu;BRN;;;;;1;1;;;;;;;;;
Lyonpo Kinzang Dorji;Lyonpo Dorji;BTN;lyonpo;dorji;BTN;;;;;2;0;;;;;;;;;
H. E. Lyonpo Yeshey Zimba;Lyonpo Zimba;BTN;lyonpo;zimba;BTN;;;;;2;0;;;;;;;;;
H. E. Lyonpo Yeshey Zimba;Lyonpo Zimba;BTN;lyonpo;zimba;BTN;;;;;2;0;;;;;;;;;
H.E. Daw Tezin;H Tezin;BTN;h;tezin;BTN;;;;;2;0;;;;;;;;;
Dasho Penjore;Dasho Penjore;BTN;dasho;penjore;BTN;;;;;2;0;;;;;;;;;
Ashi Sonam Choden Wangchuck;Ashi Wangchuck;BTN;ashi;wangchuck;BTN;;;;;2;0;;;;;;;;;
Dasho Bap Kesang;Dasho Kesang;BTN;dasho;kesang;BTN;;;;;2;0;;;;;;;;;
Sonam Wangchuk;Dasho Wangchuk;BTN;dasho;wangchuk;BTN;;;;;2;0;;;;;;;;;
Lyonpo Wangdi Norbu;Lyonpo Norbu;BTN;lyonpo;norbu;BTN;;;;;2;0;;;;;;;;;
Lyonpo Wangdi Norbu;Lyonpo Norbu;BTN;lyonpo;norbu;BTN;;;;;2;0;;;;;;;;;
Daw Tenzin;Dasho Tenzin;BTN;dasho;tenzin;BTN;;;;;2;0;;;;;;;;;
Dasho Yangchen Tshogyel;Dasho Tshogyel;BTN;dasho;tshogyel;BTN;;;;;2;1;;;;;;;;;
Jean-Baptiste Compaoré;Jean Compaore;BUR;jean;compaore;BUR;;;;;1;0;;;;;;;;;
N Fidzani;N Fidzani;BWA;n;fidzani;BWA;;;;;0;0;;;;;;;;;
T. Seretse;T Seretse;BWA;t;seretse;BWA;;;;;0;1;;;;;;;;;
Charles Kikonyogo;Charles Kikonyogo;BWA;charles;kikonyogo;BWA;;;;;2;0;;;;;;;;;
Charles Nyonyintono Kikonyogo;Charles Kikonyogo;BWA;charles;kikonyogo;BWA;;;;;2;0;;;;;;;;;
Hermans;Christopher Hermans;BWA;christopher;hermans;BWA;;;;;2;0;;;;;;;;;
Quill Hermans;Quill Hermans;BWA;quill;hermans;BWA;;;;;2;0;;;;;;;;;
Festus Mogae;Festus Mogae;BWA;festus;mogae;BWA;;;;;2;0;;;;;;;;;
Mogae;Festus Mogae;BWA;festus;mogae;BWA;;;;;2;0;;;;;;;;;
Gaolathe;Baledzi Gaolathe;BWA;baledzi;gaolathe;BWA;;;;;2;0;;;;;;;;;
U. Corea;U Corea;BWA;u;corea;BWA;;;;;0;0;;;;;;;;;
Linah K Mohohlo;Linah Mohohlo;BWA;linah;mohohlo;BWA;;;;;2;1;;;;;;;;;
G Cunliffe;G Cunliffe;BWA;g;cunliffe;BWA;;;;;2;0;;;;;;;;;
Linah Mohohlo;Linah Mohohlo;BWA;linah;mohohlo;BWA;;;;;2;1;;;;;;;;;
Keith Jefferis;Keith Jefferis;BWA;keith;jefferis;BWA;;;;;1;0;;;;;;;;;
Moses Dinekere Pelaelo;Moses Pelaelo;BWA;moses;pelaelo;BWA;;;;;2;0;;;;;;;;;
Moses Dinekere Pelaelo;Moses Pelaelo;BWA;moses;pelaelo;BWA;;;;;2;1;;;;;;;;;
Cornelius Dekop;Cornelius Dekop;BWA;cornelius;dekop;BWA;;;;;2;0;;;;;;;;;
Victoria Lekoma;Victoria Lekoma;BWA;victoria;lekoma;BWA;;;;;0;1;;;;;;;;;
Malebogo Bakwena;Malebogo Bakwena;BWA;malebogo;bakwena;BWA;;;;;0;1;;;;;;;;;
Brenton C. Leavitt;Brenton Leavitt;BWA;brenton;leavitt;BWA;;;;;2;0;;;;;;;;;
K.R. Jefferis;K Jefferis;BWA;k;jefferis;BWA;;;;;2;0;;;;;;;;;
R. G. M Mmutle;R Mmutle;BWA;r;mmutle;BWA;;;;;0;0;;;;;;;;;
B. Moeletsi;B Moeletsi;BWA;b;moeletsi;BWA;;;;;0;0;;;;;;;;;
C. S. Botlhole-Mmopi;C Botlholemmopi;BWA;c;botlholemmopi;BWA;;;;;0;1;;;;;;;;;
R.N. Matthews;R Matthews;BWA;r;matthews;BWA;;;;;0;0;;;;;;;;;
J. Sentsho;J Sentsho;BWA;j;sentsho;BWA;;;;;0;0;;;;;;;;;
Jean-Félix Mamalepot;Jean Mamalepot;CAF;jean;mamalepot;CAF;;;;;2;0;;;;;;;;;
Michael Mukete;Michael Mukete;CAF;michael;mukete;CAF;;;;;2;0;;;;;;;;;
Rigobert Roger Andely;Rigobert Andely;CAF;rigobert;andely;CAF;;;;;1;0;;;;;;;;;
Philibert Andzembe;Philibert Andzembe;CAF;philibert;andzembe;CAF;;;;;0;0;;;;;;;;;
Lucas Abaga Nchama;Lucas Nchama;CAF;lucas;nchama;CAF;;;;;2;0;;;;;;;;;
Ali Chaibou;Ali Chaibou;CAF;ali;chaibou;CAF;;;;;0;0;;;;;;;;;
Abbas Mahamat Tolli;Abbas Tolli;CAF;abbas;tolli;CAF;;;;;2;0;;;;;;;;;
Yvon Sana Bangui;Yvon Bangui;CAF;yvon;bangui;CAF;;;;;2;0;;;;;;;;;
Georges Gautier;Georges Gautier;CAF;georges;gautier;CAF;;;;;2;0;;;;;;;;;
Tahir Hamid Nguilin;Tahir Nguilin;CAF;tahir;nguilin;CAF;;;;;0;0;;;;;;;;;
Emmanuel Rocher;Emmanuel Rocher;CAF;emmanuel;rocher;CAF;;;;;0;0;;;;;;;;;
Allamine Bourma Treye;Allamine Treye;CAF;allamine;treye;CAF;;;;;0;0;;;;;;;;;
Gervais-Magloire Doungoupou;Gervais Doungoupou;CAF;gervais;doungoupou;CAF;;;;;0;0;;;;;;;;;
Pascal Fourcaut;Pascal Fourcaut;CAF;pascal;fourcaut;CAF;;;;;0;0;;;;;;;;;
Graham Towers;Graham Towers;CAN;graham;towers;CAN;;;;;2;0;;;;;;;;;
Louis Rasminsky;Louis Rasminsky;CAN;louis;rasminsky;CAN;;;;;2;0;;;;;;;;;
James Coyne;James Coyne;CAN;james;coyne;CAN;;;;;0;0;;;;;;;;;
James Coyne;James Coyne;CAN;james;coyne;CAN;;;;;2;0;;;;;;;;;
Gerald Bouey;Gerald Reapp;CAN;gerald;reapp;CAN;;;;;2;0;;;;;;;;;
Gilles Loiselle;Gilles Loiselle;CAN;gilles;loiselle;CAN;;;;;0;0;;;;;;;;;
Bernard Bonin;Bernard Bonin;CAN;bernard;bonin;CAN;;;;;1;0;;;;;;;;;
John Crow;John Crow;CAN;john;crow;CAN;;;;;2;0;;;;;;;;;
John Crow;John Crow;CAN;john;crow;CAN;;;;;2;0;;;;;;;;;
Paul Martin;Paul Martin;CAN;paul;martin;CAN;;;;;0;0;;;;;;;;;
Gordon Thiessen;Gordon Thiessen;CAN;gordon;thiessen;CAN;;;;;2;0;;;;;;;;;
Monique Jeromeforget;Monique Jeromeforget;CAN;monique;jeromeforget;CAN;;;;;0;1;;;;;;;;;
John Horsley Palmer;John Palmer;CAN;john;palmer;CAN;;;;;2;0;;;;;;;;;
David A. Dodge;David Dodge;CAN;david;dodge;CAN;;;;;2;0;;;;;;;;;
Malcolm Knight;Malcolm Knight;CAN;malcolm;knight;CAN;;;;;1;0;;;;;;;;;
Daniel Johnson;Daniel Johnson;CAN;daniel;johnson;CAN;;;;;0;0;;;;;;;;;
Bonnie DuPont;Bonnie Dupont;CAN;bonnie;dupont;CAN;;;;;0;1;;;;;;;;;
Pierre Duguay;Pierre Duguay;CAN;pierre;duguay;CAN;;;;;2;0;;;;;;;;;
David Laidley;David Laidley;CAN;david;laidley;CAN;;;;;0;0;;;;;;;;;
Ralph Goodale;Ralph Goodale;CAN;ralph;goodale;CAN;;;;;0;0;;;;;;;;;
Jim Flaherty;Jim Flaherty;CAN;jim;flaherty;CAN;;;;;0;0;;;;;;;;;
John Manley;John Manley;CAN;john;manley;CAN;;;;;0;0;;;;;;;;;
William Black;William Black;CAN;william;black;CAN;;;;;0;0;;;;;;;;;
Paul Haggis;Paul Haggis;CAN;paul;haggis;CAN;;;;;0;0;;;;;;;;;
Graeme Thompson;Graeme Thompson;CAN;graeme;thompson;CAN;;;;;1;0;;;;;;;;;
Nicholas Pan;Nicholas Pan;CAN;nicholas;pan;CAN;;;;;1;0;;;;;;;;;
Norman Betts;Norman Betts;CAN;norman;betts;CAN;;;;;0;0;;;;;;;;;
Stephen Poloz;Stephen Poloz;CAN;stephen;poloz;CAN;;;;;2;0;;;;;;;;;
Sheryl Kennedy;Sheryl Kennedy;CAN;sheryl;kennedy;CAN;;;;;1;1;;;;;;;;;
Timothy Lane;Timothy Lane;CAN;timothy;lane;CAN;;;;;1;0;;;;;;;;;
Jean Simon;Jean Simon;CAN;jean;simon;CAN;;;;;0;0;;;;;;;;;
Monique Mercier;Monique Mercier;CAN;monique;mercier;CAN;;;;;0;1;;;;;;;;;
Carol Hansell;Carol Hansell;CAN;carol;hansell;CAN;;;;;0;1;;;;;;;;;
Lawrence Schembri;Lawrence Schembri;CAN;lawrence;schembri;CAN;;;;;0;0;;;;;;;;;
Paul Beaudry;Paul Beaudry;CAN;paul;beaudry;CAN;;;;;1;0;;;;;;;;;
Tiff Macklem;Tiff Macklem;CAN;tiff;macklem;CAN;;;;;0;0;;;;;;;;;
Lynn Patterson;Lynn Patterson;CAN;lynn;patterson;CAN;;;;;0;1;;;;;;;;;
Tiff Macklem;Tiff Macklem;CAN;tiff;macklem;CAN;;;;;2;0;;;;;;;;;
Tiff Macklen;Tiff Macklen;CAN;tiff;macklen;CAN;;;;;0;0;;;;;;;;;
Bill Morneau;Bill Morneau;CAN;bill;morneau;CAN;;;;;0;0;;;;;;;;;
Mark J. Carney;Mark Carney;CAN;mark;carney;CAN;;;;;2;0;;;;;;;;;
Peter Dhillon;Peter Dhillon;CAN;peter;dhillon;CAN;;;;;0;0;;;;;;;;;
Paul Jenkins;Paul Jenkins;CAN;paul;jenkins;CAN;;;;;1;0;;;;;;;;;
Stephanie Bowman;Stephanie Bowman;CAN;stephanie;bowman;CAN;;;;;0;1;;;;;;;;;
Chrystia Freeland;Chrystia Freeland;CAN;chrystia;freeland;CAN;;;;;0;1;;;;;;;;;
Carolyn Rogers;Carolyn Rogers;CAN;carolyn;rogers;CAN;;;;;1;1;;;;;;;;;
Jean Boivin;Jean Boivin;CAN;jean;boivin;CAN;;;;;0;0;;;;;;;;;
Sharon Kozicki;Sharon Kozicki;CAN;sharon;kozicki;CAN;;;;;1;1;;;;;;;;;
Charles Freedman;Charles Freedman;CAN;charles;freedman;CAN;;;;;2;0;;;;;;;;;
Tim E. Noël;Tim Noel;CAN;tim;noel;CAN;;;;;1;0;;;;;;;;;
Malcom Knight;Malcom Knight;CAN;malcom;knight;CAN;;;;;2;0;;;;;;;;;
David Longworth;David Longworth;CAN;david;longworth;CAN;;;;;1;0;;;;;;;;;
Phillip Deck;Phillip Deck;CAN;phillip;deck;CAN;;;;;0;0;;;;;;;;;
Jock Finlayson;Jock Finlayson;CAN;jock;finlayson;CAN;;;;;0;0;;;;;;;;;
Richard Mcgaw;Richard Mcgaw;CAN;richard;mcgaw;CAN;;;;;0;0;;;;;;;;;
Agathe Coté;Agathe Cote;CAN;agathe;cote;CAN;;;;;2;1;;;;;;;;;
Phyllis Clark;Phyllis Clark;CAN;phyllis;clark;CAN;;;;;0;1;;;;;;;;;
Colin Dodds;Colin Dodds;CAN;colin;dodds;CAN;;;;;0;0;;;;;;;;;
Wes Scott;Wes Scott;CAN;wes;scott;CAN;;;;;0;0;;;;;;;;;
Sylvain Leduc;Sylvain Leduc;CAN;sylvain;leduc;CAN;;;;;1;0;;;;;;;;;
Robert M. Campbell;Robert Campbell;CAN;robert;campbell;CAN;;;;;0;0;;;;;;;;;
Nicolas Vincent;Nicolas Vincent;CAN;nicolas;vincent;CAN;;;;;1;0;;;;;;;;;
Sandra L. Hanington;Sandra Hanington;CAN;sandra;hanington;CAN;;;;;0;1;;;;;;;;;
Heinrich Kundert;Heinrich Kundert;CHE;heinrich;kundert;CHE;;;;;2;0;;;;;;;;;
August Burckhardt;August Burckhardt;CHE;august;burckhardt;CHE;;;;;2;0;;;;;;;;;
Rodolphe de Haller;Rodolphe Haller;CHE;rodolphe;haller;CHE;;;;;1;0;;;;;;;;;
Charles Schnyder von Wartensee;Charles Wartensee;CHE;charles;wartensee;CHE;;;;;1;0;;;;;;;;;
Gottlieb Bachmann;Gottlieb Bachmann;CHE;gottlieb;bachmann;CHE;;;;;2;0;;;;;;;;;
Ernst Weber;Ernst Weber;CHE;ernst;weber;CHE;;;;;2;0;;;;;;;;;
Paul Rossy;Paul Rossy;CHE;paul;rossy;CHE;;;;;1;0;;;;;;;;;
Paul Keller;Paul Keller;CHE;paul;keller;CHE;;;;;2;0;;;;;;;;;
Dr. Walter Schwegler;Walter Schwegler;CHE;walter;schwegler;CHE;;;;;2;0;;;;;;;;;
Dr. Edwin Stopper;Edwin Stopper;CHE;edwin;stopper;CHE;;;;;2;0;;;;;;;;;
Dr. h.c. Pierre Languetin;Pierre Languetin;CHE;pierre;languetin;CHE;;;;;2;0;;;;;;;;;
Peter Gerber;Peter Gerber;CHE;peter;gerber;CHE;;;;;0;0;;;;;;;;;
Fritz Leutwiler;Fritz Leutwiler;CHE;fritz;leutwiler;CHE;;;;;2;0;;;;;;;;;
Dr. Markus Lusser;Markus Lusser;CHE;markus;lusser;CHE;;;;;0;0;;;;;;;;;
Dr. Markus Lusser;Markus Lusser;CHE;markus;lusser;CHE;;;;;2;0;;;;;;;;;
Kurt Hauri;Kurt Hauri;CHE;kurt;hauri;CHE;;;;;0;0;;;;;;;;;
Dr. Hans Meyer;Hans Meyer;CHE;hans;meyer;CHE;;;;;2;0;;;;;;;;;
Kathi Bangerter;Kathi Bangerter;CHE;kathi;bangerter;CHE;;;;;0;1;;;;;;;;;
Henri Andre;Henri Andre;CHE;henri;andre;CHE;;;;;0;0;;;;;;;;;
George Rich;George Rich;CHE;george;rich;CHE;;;;;0;0;;;;;;;;;
Ueli Forster;Ueli Forster;CHE;ueli;forster;CHE;;;;;0;0;;;;;;;;;
Yvette Jaggi;Yvette Jaggi;CHE;yvette;jaggi;CHE;;;;;0;1;;;;;;;;;
Eduard Belser;Eduard Belser;CHE;eduard;belser;CHE;;;;;0;0;;;;;;;;;
Ulrich Kohli;Ulrich Kohli;CHE;ulrich;kohli;CHE;;;;;0;0;;;;;;;;;
Philippe Pidoux;Philippe Pidoux;CHE;philippe;pidoux;CHE;;;;;0;0;;;;;;;;;
Niklaus Blattner;Niklaus Blattner;CHE;niklaus;blattner;CHE;;;;;2;0;;;;;;;;;
Niklaus Blattner;Niklaus Blattner;CHE;niklaus;blattner;CHE;;;;;0;0;;;;;;;;;
Werner Messmer;Werner Messmer;CHE;werner;messmer;CHE;;;;;0;0;;;;;;;;;
Dr. Jean-Pierre Roth;Jean Roth;CHE;jean;roth;CHE;;;;;2;0;;;;;;;;;
Franz Marty;Franz Marty;CHE;franz;marty;CHE;;;;;0;0;;;;;;;;;
Ruth Luthi;Ruth Luthi;CHE;ruth;luthi;CHE;;;;;0;1;;;;;;;;;
Hans Ulrich Raggenbass;Hans Raggenbass;CHE;hans;raggenbass;CHE;;;;;0;0;;;;;;;;;
Gerold Buhrer;Gerold Buhrer;CHE;gerold;buhrer;CHE;;;;;0;0;;;;;;;;;
Alfredo Gysi;Alfredo Gysi;CHE;alfredo;gysi;CHE;;;;;0;0;;;;;;;;;
Jean-Pierre Danthine;Jean Danthine;CHE;jean;danthine;CHE;;;;;2;0;;;;;;;;;
Konrad Hummler;Konrad Hummler;CHE;konrad;hummler;CHE;;;;;0;0;;;;;;;;;
Rita Fuhrer;Rita Fuhrer;CHE;rita;fuhrer;CHE;;;;;0;1;;;;;;;;;
Serge Gaillard;Serge Gaillard;CHE;serge;gaillard;CHE;;;;;0;0;;;;;;;;;
Olivier Steimber;Olivier Steimber;CHE;olivier;steimber;CHE;;;;;0;0;;;;;;;;;
Ernst Stocker;Ernst Stocker;CHE;ernst;stocker;CHE;;;;;0;0;;;;;;;;;
Eveline Widmer Schlumpf;Eveline Schlumpf;CHE;eveline;schlumpf;CHE;;;;;0;1;;;;;;;;;
Jean Studer;Jean Studer;CHE;jean;studer;CHE;;;;;0;0;;;;;;;;;
Martin Kraenzlin;Martin Kraenzlin;CHE;martin;kraenzlin;CHE;;;;;0;0;;;;;;;;;
Marina Masoni;Marina Masoni;CHE;marina;masoni;CHE;;;;;0;1;;;;;;;;;
Christoph Lengwiler;Christoph Lengwiler;CHE;christoph;lengwiler;CHE;;;;;0;0;;;;;;;;;
Heinz Karrer;Heinz Karrer;CHE;heinz;karrer;CHE;;;;;0;0;;;;;;;;;
Christoph Mäder;Christoph Mader;CHE;christoph;mader;CHE;;;;;0;0;;;;;;;;;
Dewet Moser;Dewet Moser;CHE;dewet;moser;CHE;;;;;0;0;;;;;;;;;
Simonetta Sommaruga;Simonetta Sommaruga;CHE;simonetta;sommaruga;CHE;;;;;0;1;;;;;;;;;
Shelby Pasquier;Shelby Pasquier;CHE;shelby;pasquier;CHE;;;;;0;0;;;;;;;;;
Fritz Zurbrügg;Fritz Zurbrugg;CHE;fritz;zurbrugg;CHE;;;;;1;0;;;;;;;;;
Romeo Lacher;Romeo Lacher;CHE;romeo;lacher;CHE;;;;;1;0;;;;;;;;;
Laura Sadis;Laura Sadis;CHE;laura;sadis;CHE;;;;;0;1;;;;;;;;;
Monika Butler;Monika Butler;CHE;monika;butler;CHE;;;;;0;1;;;;;;;;;
Rajna Gibson Brandon;Rajna Brandon;CHE;rajna;brandon;CHE;;;;;0;1;;;;;;;;;
Philipp Hildebrand;Philipp Hildebrand;CHE;philipp;hildebrand;CHE;;;;;2;0;;;;;;;;;
Thomas Jordan;Thomas Jordan;CHE;thomas;jordan;CHE;;;;;2;0;;;;;;;;;
Barbara Janom;Barbara Janom;CHE;barbara;janom;CHE;;;;;0;1;;;;;;;;;
Barbara Steiner;Barbara Steiner;CHE;barbara;steiner;CHE;;;;;0;1;;;;;;;;;
Renaud de Planta;Renaud Planta;CHE;renaud;planta;CHE;;;;;0;0;;;;;;;;;
Daniel Lampart;Daniel Lampart;CHE;daniel;lampart;CHE;;;;;0;0;;;;;;;;;
Andrea Maechler;Andrea Maechler;CHE;andrea;maechler;CHE;;;;;0;0;;;;;;;;;
Vania Alleva;Vania Alleva;CHE;vania;alleva;CHE;;;;;0;1;;;;;;;;;
Antoine Martin;Antoine Martin;CHE;antoine;martin;CHE;;;;;1;0;;;;;;;;;
Christoph Ammann;Christoph Ammann;CHE;christoph;ammann;CHE;;;;;1;0;;;;;;;;;
Cedric Tille;Cedric Tille;CHE;cedric;tille;CHE;;;;;0;0;;;;;;;;;
Angelo Ranaldo;Angelo Ranaldo;CHE;angelo;ranaldo;CHE;;;;;0;0;;;;;;;;;
Thomas Wiedmer;Thomas Wiedmer;CHE;thomas;wiedmer;CHE;;;;;0;0;;;;;;;;;
Christian Vitta;Christian Vitta;CHE;christian;vitta;CHE;;;;;0;0;;;;;;;;;
Martin Schlegel;Martin Schlegel;CHE;martin;schlegel;CHE;;;;;1;0;;;;;;;;;
Martin Schlegel;Martin Schlegel;CHE;martin;schlegel;CHE;;;;;0;0;;;;;;;;;
Thomas Moser;Thomas Moser;CHE;thomas;moser;CHE;;;;;0;0;;;;;;;;;
Rosmarie Schlup;Rosmarie Schlup;CHE;rosmarie;schlup;CHE;;;;;1;1;;;;;;;;;
Michel Peytrignet;Michel Peytrignet;CHE;michel;peytrignet;CHE;;;;;0;0;;;;;;;;;
Alexander Swoboda;Alexander Swoboda;CHE;alexander;swoboda;CHE;;;;;0;0;;;;;;;;;
Armin Jans;Armin Jans;CHE;armin;jans;CHE;;;;;0;0;;;;;;;;;
Petra Tschudin;Petra Tschudin;CHE;petra;tschudin;CHE;;;;;1;1;;;;;;;;;
Manuel Trucco Franzani;Manuel Franzani;CHL;manuel;franzani;CHL;;;;;2;0;;;;;;;;;
Sergio Molina Silva;Sergio Silva;CHL;sergio;silva;CHL;;;;;2;0;;;;;;;;;
Carlos Matus Romo;Carlos Romo;CHL;carlos;romo;CHL;;;;;0;0;;;;;;;;;
Carlos Massad Abud;Carlos Abud;CHL;carlos;abud;CHL;;;;;2;0;;;;;;;;;
Carlos Massad;Carlos Massad;CHL;carlos;massad;CHL;;;;;2;0;;;;;;;;;
Carlos Rodriguez;Carlos Rodriguez;CHL;carlos;rodriguez;CHL;;;;;2;0;;;;;;;;;
Andrés Bianchi Larre;Andres Larre;CHL;andres;larre;CHL;;;;;2;0;;;;;;;;;
María Elena Ovalle;Maria Ovalle;CHL;maria;ovalle;CHL;;;;;0;1;;;;;;;;;
Alvaro Bardón Muñoz;Alvaro Munoz;CHL;alvaro;munoz;CHL;;;;;2;0;;;;;;;;;
Carlos Cáceres Contreras;Carlos Contreras;CHL;carlos;contreras;CHL;;;;;2;0;;;;;;;;;
Vittorio Corbo Lioi;Vittorio Lioi;CHL;vittorio;lioi;CHL;;;;;0;0;;;;;;;;;
Stephany Griffithjones;Stephany Griffithjones;CHL;stephany;griffithjones;CHL;;;;;0;1;;;;;;;;;
Stephany Griffithjones;Stephany Griffithjones;CHL;stephany;griffithjones;CHL;;;;;1;1;;;;;;;;;
Miguel Kast Rist;Miguel Rist;CHL;miguel;rist;CHL;;;;;2;0;;;;;;;;;
Roberto Zahler Mayanz;Roberto Mayanz;CHL;roberto;mayanz;CHL;;;;;2;0;;;;;;;;;
Pablo Piñera;Pablo Pinera;CHL;pablo;pinera;CHL;;;;;2;0;;;;;;;;;
Jorge Desormeaux;Jorge Desormeaux;CHL;jorge;desormeaux;CHL;;;;;1;0;;;;;;;;;
Jorge Desormeaux Jiménez;Jorge Jimenez;CHL;jorge;jimenez;CHL;;;;;0;0;;;;;;;;;
Enrique Marshall;Enrique Marshall;CHL;enrique;marshall;CHL;;;;;0;0;;;;;;;;;
Jorge Desormeaux Jiménez;Jorge Jimenez;CHL;jorge;jimenez;CHL;;;;;1;0;;;;;;;;;
José Manuel Marfán Lewis;Jose Lewis;CHL;jose;lewis;CHL;;;;;0;0;;;;;;;;;
Manuel Marfan;Manuel Marfan;CHL;manuel;marfan;CHL;;;;;1;0;;;;;;;;;
Joaquín Luis Vial Ruiz-Tagle;Joaquin Ruiztagle;CHL;joaquin;ruiztagle;CHL;;;;;0;0;;;;;;;;;
Joaquin Vial;Joaquin Vial;CHL;joaquin;vial;CHL;;;;;1;0;;;;;;;;;
Jorge Rivera;Jorge Rivera;CHL;jorge;rivera;CHL;;;;;1;0;;;;;;;;;
Jorge Marshall;Jorge Marshall;CHL;jorge;marshall;CHL;;;;;1;0;;;;;;;;;
Rosanna Costa;Rosanna Costa;CHL;rosanna;costa;CHL;;;;;2;1;;;;;;;;;
José De Gregorio;Jose Gregorio;CHL;jose;gregorio;CHL;;;;;0;0;;;;;;;;;
José De Gregorio Rebecco;Jose Rebecco;CHL;jose;rebecco;CHL;;;;;2;0;;;;;;;;;
Jose De Gregorio Rebeco;Jose Rebeco;CHL;jose;rebeco;CHL;;;;;0;0;;;;;;;;;
Mario Marcel Cullell;Mario Cullell;CHL;mario;cullell;CHL;;;;;0;0;;;;;;;;;
Mario Marcel;Mario Marcel;CHL;mario;marcel;CHL;;;;;2;0;;;;;;;;;
Pablo Silva;Pablo Silva;CHL;pablo;silva;CHL;;;;;0;0;;;;;;;;;
Pablo Baraona Urzúa;Rodrigo Urzua;CHL;rodrigo;urzua;CHL;;;;;2;0;;;;;;;;;
Rodrigo Vergara Montes;Rodrigo Montes;CHL;rodrigo;montes;CHL;;;;;0;0;;;;;;;;;
Rodrigo Vergara;Rodrigo Vergara;CHL;rodrigo;vergara;CHL;;;;;0;0;;;;;;;;;
Sebastián Claro Edwards;Sebastian Edwards;CHL;sebastian;edwards;CHL;;;;;0;0;;;;;;;;;
Sebastián Claro Edwards;Sebastian Edwards;CHL;sebastian;edwards;CHL;;;;;1;0;;;;;;;;;
Pablo Garcia;Pablo Garcia;CHL;pablo;garcia;CHL;;;;;0;0;;;;;;;;;
Claudio Gamboa;Claudio Gamboa;CHL;claudio;gamboa;CHL;;;;;0;0;;;;;;;;;
Sebastin Claro;Sebastin Claro;CHL;sebastin;claro;CHL;;;;;0;0;;;;;;;;;
Sebastián Claro;Sebastian Claro;CHL;sebastian;claro;CHL;;;;;1;0;;;;;;;;;
Alberto Naudon;Alberto Naudon;CHL;alberto;naudon;CHL;;;;;0;0;;;;;;;;;
Alberto Naudon Dell’Oro;Alberto Delloro;CHL;alberto;delloro;CHL;;;;;1;0;;;;;;;;;
Arturo Maschke Tornero;Arturo Tornero;CHL;arturo;tornero;CHL;;;;;2;0;;;;;;;;;
Eduardo Figueroa Geisse;Eduardo Geisse;CHL;eduardo;geisse;CHL;;;;;2;0;;;;;;;;;
Luis Mackenna Shiell;Luis Shiell;CHL;luis;shiell;CHL;;;;;2;0;;;;;;;;;
Alfonso Inostroza Cuevas;Alfonso Cuevas;CHL;alfonso;cuevas;CHL;;;;;2;0;;;;;;;;;
Eduardo Cano Quijada;Eduardo Quijada;CHL;eduardo;quijada;CHL;;;;;2;0;;;;;;;;;
Pablo Baraona Urzúa;Pablo Urzua;CHL;pablo;urzua;CHL;;;;;2;0;;;;;;;;;
Sergio de la Cuadra Fabres;Sergio Fabres;CHL;sergio;fabres;CHL;;;;;2;0;;;;;;;;;
Hernán Felipe Errázuriz Correa;Hernan Correa;CHL;hernan;correa;CHL;;;;;2;0;;;;;;;;;
Francisco Ibánez Barceló;Francisco Barcelo;CHL;francisco;barcelo;CHL;;;;;2;0;;;;;;;;;
Enrique Seguel Morel;Enrique Morel;CHL;enrique;morel;CHL;;;;;2;0;;;;;;;;;
Manuel Concha Martínez;Manuel Martinez;CHL;manuel;martinez;CHL;;;;;2;0;;;;;;;;;
* Nci;* Nci;CHL;*;nci;CHL;;;;;0;0;;;;;;;;;
Nan Hanchen;Nan Hanchen;CHN;nan;hanchen;CHN;;;;;2;0;;;;;;;;;
Cao Juru;Cao Juru;CHN;cao;juru;CHN;;;;;2;0;;;;;;;;;
Li Baohua;Li Baohua;CHN;li;baohua;CHN;;;;;2;0;;;;;;;;;
Chen Xiyu;Chen Xiyu;CHN;chen;xiyu;CHN;;;;;2;0;;;;;;;;;
